cod_ine,inmigrantes_vida,emigrantes_internos_vida,saldo_migratorio_vida,inmigrantes_5a,emigrantes_internos_5a,saldo_migratorio,entran_a_trabajar,salen_a_trabajar,poblacion_flotante,trabajan_en_su_municipio
010101,70418,61098,9320,16828,21863,-5035,4333,5430,-1097,123062
010102,2333,3543,-1210,973,382,591,321,705,-384,3559
010103,1345,5009,-3664,642,729,-87,202,443,-241,4345
010201,674,12613,-11939,362,1188,-826,118,72,46,2463
010202,1405,5244,-3839,649,798,-149,139,277,-138,4995
010301,1609,7737,-6128,818,572,246,171,316,-145,5425
010302,792,3146,-2354,459,371,88,110,504,-394,4028
010303,714,3316,-2602,295,409,-114,82,96,-14,3894
010304,754,3406,-2652,312,403,-91,87,304,-217,3039
010401,1626,9634,-8008,808,916,-108,192,159,33,3868
010402,1418,7260,-5842,485,582,-97,96,141,-45,3434
010403,1073,3280,-2207,550,402,148,86,168,-82,1864
010404,925,1737,-812,367,184,183,21,159,-138,1322
010405,828,1992,-1164,296,205,91,37,21,16,1991
010501,6125,17999,-11874,1567,2614,-1047,354,267,87,10985
010502,1562,4745,-3183,360,622,-262,71,41,30,2813
010601,1355,8653,-7298,730,1107,-377,396,476,-80,5217
010602,1234,8573,-7339,617,517,100,336,433,-97,3156
010701,1973,10338,-8365,750,1270,-520,269,235,34,6574
010702,1737,11509,-9772,956,1466,-510,280,434,-154,8153
010703,1436,3727,-2291,471,473,-2,123,192,-69,7050
010704,1869,2636,-767,624,563,61,118,267,-149,5194
010801,1573,7694,-6121,619,757,-138,84,181,-97,3539
010901,1398,1055,343,433,109,324,32,131,-99,2314
010902,1753,5575,-3822,577,792,-215,186,172,14,5921
010903,1189,1042,147,395,94,301,59,154,-95,1921
011001,3897,3862,35,71,664,-593,140,176,-36,4871
011002,673,820,-147,138,148,-10,33,89,-56,776
011003,2725,2286,439,1048,593,455,141,155,-14,2511
020101,83776,234112,-150336,31079,64169,-33090,58377,18777,39600,357343
020102,2286,5139,-2853,963,1426,-463,843,906,-63,9936
020103,5562,1903,3659,2444,603,1841,587,1809,-1222,9189
020104,15416,2758,12658,7530,1545,5985,1526,6885,-5359,14091
020105,218754,86056,132698,42226,71240,-29014,41376,47963,-6587,366666
020201,3901,14645,-10744,2391,2070,321,1125,2618,-1493,18679
020202,1624,4744,-3120,1078,416,662,245,1002,-757,6239
020203,1228,3118,-1890,690,347,343,307,759,-452,3046
020204,1365,3074,-1709,928,293,635,144,943,-799,2632
020205,1290,1040,250,823,143,680,129,881,-752,1151
020206,1655,871,784,1192,126,1066,121,762,-641,2190
020301,2363,7084,-4721,1394,693,701,370,761,-391,5208
020302,2718,3475,-757,1594,414,1180,293,895,-602,5805
020303,2079,2356,-277,1192,341,851,376,631,-255,3988
020304,756,1334,-578,342,107,235,115,238,-123,1706
020305,655,858,-203,231,100,131,89,80,9,1439
020306,913,388,525,357,157,200,54,251,-197,2494
020307,704,241,463,389,24,365,30,216,-186,1314
020308,1070,1567,-497,624,190,434,124,431,-307,3108
020401,1600,5701,-4101,1159,463,696,247,631,-384,4760
020402,1124,5871,-4747,761,616,145,300,620,-320,6776
020403,1806,4620,-2814,1275,409,866,264,717,-453,6560
020404,319,2067,-1748,217,185,32,102,181,-79,2256
020405,978,3395,-2417,700,300,400,258,546,-288,3094
020501,1249,3106,-1857,717,471,246,207,357,-150,7891
020502,786,2355,-1569,474,346,128,120,199,-79,3466
020503,991,976,15,589,174,415,137,99,38,2996
020601,4340,8172,-3832,2072,1114,958,788,676,112,12337
020602,5225,4127,1098,1799,1240,559,562,248,314,7647
020603,2451,1210,1241,946,348,598,202,120,82,3987
020604,468,739,-271,229,97,132,47,91,-44,1617
020605,329,569,-240,211,54,157,54,143,-89,1643
020606,2935,2932,3,999,870,129,216,77,139,3610
020607,7932,2218,5714,3201,1362,1839,524,191,333,9532
020608,5130,1486,3644,1785,648,1137,368,241,127,6438
020701,2841,7175,-4334,1823,1498,325,334,154,180,7509
020702,1039,941,98,704,263,441,343,103,240,3975
020801,38465,11191,27274,16245,4691,11554,3505,13321,-9816,35032
020802,1600,4132,-2532,1219,422,797,262,485,-223,3340
020803,1334,4287,-2953,765,395,370,403,594,-191,5279
020804,1271,1236,35,511,233,278,553,258,295,3073
020805,1142,1402,-260,595,113,482,98,422,-324,3274
020806,1855,4809,-2954,1076,473,603,309,754,-445,6193
020807,1272,2058,-786,827,146,681,129,349,-220,2774
020901,1192,3262,-2070,484,370,114,258,229,29,5620
020902,2018,3107,-1089,828,480,348,314,498,-184,8808
020903,1159,1797,-638,720,205,515,142,466,-324,4680
020904,723,598,125,472,77,395,67,225,-158,2006
020905,1644,2284,-640,620,303,317,195,187,8,6748
021001,2047,26703,-24656,1036,1970,-934,629,250,379,8490
021002,2024,3706,-1682,1129,471,658,317,208,109,4920
021003,3701,1361,2340,994,477,517,232,144,88,8463
021004,2764,11864,-9100,1383,1187,196,646,454,192,8289
021005,493,1785,-1292,208,262,-54,136,124,12,3746
021006,1083,510,573,350,101,249,41,209,-168,3371
021101,3463,6131,-2668,1041,1783,-742,531,233,298,10641
021102,6040,3661,2379,2209,1016,1193,483,355,128,12618
021103,2313,1262,1051,809,231,578,157,300,-143,3504
021104,9208,4721,4487,2514,2426,88,693,453,240,14433
021105,14620,3611,11009,3200,2367,833,895,210,685,26338
021201,6643,7604,-961,3886,1079,2807,858,3131,-2273,17971
021202,9488,4813,4675,5604,792,4812,831,3866,-3035,11380
021203,2409,4723,-2314,1302,674,628,665,1507,-842,7192
021204,864,1335,-471,469,178,291,112,362,-250,3191
021301,3698,4949,-1251,1714,680,1034,404,1399,-995,13917
021302,1186,2495,-1309,657,344,313,177,430,-253,3847
021303,1038,1837,-799,580,234,346,188,676,-488,4677
021304,1734,2880,-1146,955,873,82,496,1018,-522,5183
021305,4751,6216,-1465,2101,1403,698,1302,977,325,10804
021306,848,861,-13,385,180,205,152,725,-573,3799
021307,733,675,58,347,99,248,61,414,-353,1539
021401,7713,5578,2135,2945,1593,1352,808,788,20,14305
021402,4320,3099,1221,1169,1057,112,412,309,103,13744
021501,5138,2036,3102,1856,956,900,384,168,216,5275
021502,3049,2370,679,1073,808,265,220,353,-133,3708
021601,1686,2601,-915,925,371,554,259,405,-146,5538
021602,628,369,259,419,65,354,28,210,-182,1680
021701,1922,6605,-4683,1306,859,447,500,577,-77,6809
021702,1815,1539,276,1158,254,904,242,560,-318,3445
021703,692,539,153,205,46,159,71,270,-199,3199
021801,1092,1052,40,778,144,634,99,227,-128,4369
021802,667,1682,-1015,299,519,-220,96,201,-105,2850
021803,304,675,-371,146,80,66,68,99,-31,743
021901,722,1896,-1174,412,207,205,188,230,-42,2814
021902,595,365,230,375,66,309,38,165,-127,2237
022001,14333,19922,-5589,5278,5553,-275,1699,1051,648,30621
022002,3691,2770,921,902,915,-13,393,212,181,5892
030101,142401,222363,-79962,34037,66178,-32141,61415,21132,40283,286475
030201,2309,16915,-14606,1080,2025,-945,415,339,76,10746
030202,908,2504,-1596,466,214,252,73,89,-16,2634
030203,1903,1776,127,466,321,145,107,149,-42,3367
030301,2112,20893,-18781,1254,1678,-424,541,245,296,10226
030302,1000,7325,-6325,622,779,-157,390,312,78,7071
030303,3073,3980,-907,1473,856,617,390,244,146,9808
030401,2788,6105,-3317,1178,1136,42,817,608,209,4246
030402,751,4229,-3478,420,437,-17,238,339,-101,2665
030403,14139,759,13380,5746,524,5222,595,4015,-3420,8099
030404,337,1216,-879,138,145,-7,148,185,-37,2084
030501,2915,9641,-6726,653,1170,-517,442,1116,-674,4470
030502,857,5180,-4323,451,595,-144,287,472,-185,4002
030601,584,11996,-11412,332,1077,-745,291,282,9,3515
030602,860,4323,-3463,613,608,5,232,374,-142,3718
030701,4278,12100,-7822,1045,2137,-1092,910,674,236,8247
030702,2423,2073,350,947,455,492,915,461,454,2771
030703,584,700,-116,182,500,-318,129,116,13,1767
030801,5291,10154,-4863,931,1802,-871,1607,1497,110,8079
030802,1490,1371,119,375,426,-51,244,538,-294,2786
030803,4544,694,3850,2162,416,1746,381,1083,-702,2521
030901,63445,43398,20047,13156,16775,-3619,14143,15503,-1360,56123
030902,23947,7261,16686,4945,3535,1410,2085,5493,-3408,17252
030903,25499,8846,16653,7334,5888,1446,4450,10006,-5556,17095
030904,26121,8540,17581,5883,5836,47,2841,8259,-5418,15108
030905,34192,5472,28720,8633,4783,3850,4846,12056,-7210,16767
031001,85840,26825,59015,21805,13553,8252,6048,23663,-17615,69707
031002,5018,7550,-2532,1516,1574,-58,811,631,180,10852
031003,42995,12549,30446,10113,5067,5046,2718,1260,1458,47807
031101,1416,15253,-13837,1098,1650,-552,1250,641,609,8160
031201,1869,7762,-5893,907,929,-22,587,234,353,8100
031202,2005,4030,-2025,626,538,88,414,214,200,6309
031203,1591,3254,-1663,650,536,114,505,238,267,6464
031204,14012,2588,11424,3423,1986,1437,1117,716,401,13529
031205,27329,9863,17466,4633,4266,367,2063,1046,1017,33323
031206,24730,2489,22241,4968,2392,2576,800,772,28,21837
031301,3247,16638,-13391,1267,2167,-900,826,298,528,9662
031302,390,1354,-964,172,201,-29,200,125,75,1319
031303,327,919,-592,152,100,52,102,201,-99,1665
031304,306,1023,-717,277,156,121,58,152,-94,2902
031401,8712,27555,-18843,2058,3451,-1393,3264,2305,959,14656
031402,2917,1062,1855,713,282,431,195,1180,-985,2547
031403,4748,1414,3334,929,495,434,383,1635,-1252,4098
031404,411,271,140,134,51,83,25,234,-209,289
031405,452,203,249,140,32,108,23,475,-452,1081
031501,504,3757,-3253,264,541,-277,158,299,-141,2494
031601,2071,11603,-9532,769,1607,-838,941,401,540,9644
031602,13376,3655,9721,3370,1380,1990,840,705,135,13089
040101,63876,52547,11329,14955,16724,-1769,10387,6988,3399,122616
040102,4106,6106,-2000,1457,1439,18,1001,1167,-166,8695
040103,1240,892,348,772,198,574,108,295,-187,4525
040104,2421,3281,-860,938,516,422,452,860,-408,6453
040201,4831,10323,-5492,1746,2494,-748,1241,693,548,14348
040202,996,598,398,353,93,260,35,237,-202,2185
040301,2775,2439,336,1403,327,1076,186,791,-605,5297
040302,412,592,-180,185,68,117,31,117,-86,767
040401,818,2456,-1638,466,297,169,149,129,20,2656
040402,857,1548,-691,364,223,141,184,141,43,2691
040501,1093,672,421,544,180,364,138,208,-70,1351
040502,1151,132,1019,295,26,269,22,207,-185,1442
040503,587,67,520,153,15,138,7,97,-90,560
040504,304,28,276,109,5,104,3,40,-37,292
040505,802,246,556,257,84,173,98,146,-48,1401
040601,2332,5637,-3305,952,550,402,288,347,-59,3357
040602,905,3357,-2452,352,334,18,186,205,-19,1681
040603,1008,1459,-451,400,299,101,130,169,-39,1349
040701,4639,14697,-10058,1125,2567,-1442,1009,454,555,7245
040702,1671,2863,-1192,379,251,128,148,448,-300,2134
040801,3251,2471,780,1448,434,1014,238,608,-370,6744
040802,600,959,-359,305,166,139,65,196,-131,1230
040901,4019,1075,2944,1585,270,1315,316,396,-80,6270
040902,368,186,182,98,25,73,16,78,-62,364
040903,50,139,-89,26,39,-13,18,19,-1,465
041001,1975,2513,-538,1002,207,795,131,500,-369,5324
041101,788,3680,-2892,344,346,-2,141,291,-150,2117
041201,990,1987,-997,450,248,202,141,315,-174,2160
041202,638,1193,-555,261,215,46,146,199,-53,1008
041301,571,2572,-2001,346,215,131,109,206,-97,2400
041401,1789,3524,-1735,831,407,424,193,720,-527,4910
041501,411,97,314,105,37,68,22,48,-26,327
041502,219,92,127,71,20,51,24,38,-14,374
041503,455,1563,-1108,193,62,131,25,32,-7,380
041601,741,3091,-2350,405,404,1,159,302,-143,2491
050101,28883,53000,-24117,9283,14548,-5265,9915,3710,6205,83368
050102,1945,6902,-4957,1248,931,317,297,1111,-814,8958
050103,2680,2345,335,1277,260,1017,227,986,-759,3783
050104,484,699,-215,201,54,147,33,280,-247,1220
050201,3553,12210,-8657,1485,1413,72,563,871,-308,7040
050202,2162,26853,-24691,869,2066,-1197,421,558,-137,4996
050203,11186,29432,-18246,3898,4886,-988,1211,1597,-386,14515
050204,1109,2007,-898,493,390,103,163,264,-101,2562
050301,3627,11477,-7850,1656,1453,203,766,1142,-376,11970
050302,1443,2860,-1417,776,271,505,267,528,-261,2736
050303,1398,4232,-2834,1000,429,571,205,535,-330,4471
050401,2041,5627,-3586,1109,815,294,386,181,205,5919
050402,1727,8185,-6458,1158,1078,80,430,548,-118,6240
050403,3807,8420,-4613,2288,1009,1279,298,1006,-708,9457
050404,1296,5723,-4427,884,716,168,220,473,-253,4910
050405,1254,4288,-3034,865,718,147,194,674,-480,6898
050501,1565,9369,-7804,917,1664,-747,212,563,-351,7209
050502,1542,4205,-2663,857,784,73,248,274,-26,3537
050601,4070,9384,-5314,1755,1354,401,443,562,-119,11216
050602,993,3526,-2533,533,403,130,172,398,-226,3241
050701,1537,5531,-3994,980,962,18,191,513,-322,5035
050702,758,3459,-2701,539,484,55,106,429,-323,2509
050801,8810,22285,-13475,3515,4540,-1025,741,723,18,18335
050802,3351,9635,-6284,1373,1362,11,257,86,171,4120
050901,3278,3439,-161,1937,815,1122,474,207,267,5042
050902,311,275,36,140,42,98,35,59,-24,691
051001,547,948,-401,343,232,111,163,75,88,1018
051002,200,254,-54,3,34,-31,9,43,-34,257
051003,210,175,35,102,42,60,12,65,-53,479
051101,1557,7855,-6298,822,863,-41,511,717,-206,5715
051102,3159,2424,735,1156,418,738,367,865,-498,3641
051103,1089,4281,-3192,645,525,120,264,474,-210,4282
051201,9858,14322,-4464,3620,3538,82,1261,911,350,14120
051202,1305,3713,-2408,823,504,319,166,431,-265,2050
051203,5259,2096,3163,2276,853,1423,725,295,430,5581
051204,915,546,369,534,102,432,42,289,-247,1367
051301,336,2014,-1678,193,212,-19,38,109,-71,1047
051302,579,2441,-1862,289,308,-19,54,140,-86,1789
051401,772,1566,-794,486,248,238,67,113,-46,1539
051402,287,564,-277,144,63,81,20,45,-25,563
051501,11335,11310,25,2881,3508,-627,700,590,110,21191
051601,358,596,-238,199,114,85,74,76,-2,592
060101,49767,43013,6754,11801,16581,-4780,5528,3192,2336,109724
060201,3178,3799,-621,734,740,-6,372,475,-103,6910
060202,9547,8860,687,1716,2993,-1277,500,338,162,17467
060301,24571,20974,3597,5133,7827,-2694,1009,873,136,42547
060302,5881,2274,3607,1057,897,160,214,241,-27,5634
060303,13384,7957,5427,3240,4043,-803,572,525,47,17878
060401,3794,1712,2082,615,371,244,438,532,-94,6740
060402,624,1540,-916,185,209,-24,88,122,-34,1497
060501,9895,3210,6685,2627,760,1867,367,3101,-2734,10214
060502,1579,3238,-1659,501,386,115,273,172,101,3558
060601,3890,8307,-4417,1042,1617,-575,475,313,162,8138
070101,311750,145170,166580,60552,65871,-5319,48495,17671,30824,719126
070102,36089,8308,27781,11738,4487,7251,2506,7899,-5393,31733
070103,11003,2282,8721,4235,882,3353,1893,2890,-997,6705
070104,66190,4366,61824,16033,5279,10754,2644,17095,-14451,40982
070105,18774,6900,11874,3502,2881,621,778,3693,-2915,19920
070201,53817,12061,41756,13858,6855,7003,4640,10338,-5698,44491
070202,3929,1909,2020,793,785,8,288,268,20,3343
070301,11434,14232,-2798,4655,3408,1247,654,635,19,25441
070302,3846,4120,-274,1432,1188,244,288,215,73,5811
070303,3473,1124,2349,1486,404,1082,201,97,104,3651
070401,5288,3743,1545,1403,987,416,463,423,40,4980
070402,5802,5670,132,1419,790,629,316,1329,-1013,6356
070403,20718,10432,10286,4740,4131,609,1916,1056,860,27978
070404,3981,2383,1598,666,749,-83,619,384,235,3803
070501,13567,10292,3275,3797,4156,-359,2065,299,1766,18174
070502,16070,3927,12143,3235,3080,155,1607,619,988,20810
070503,4371,7831,-3460,1886,1879,7,232,200,32,6501
070601,4632,8891,-4259,1156,1479,-323,605,1352,-747,6436
070602,7792,4263,3529,1799,1447,352,713,406,307,6744
070603,2191,1472,719,442,354,88,207,321,-114,1739
070701,2133,1858,275,455,434,21,161,173,-12,1829
070702,4498,7965,-3467,1498,2783,-1285,392,684,-292,9940
070703,10111,4261,5850,2580,1827,753,1019,466,553,12070
070704,1917,1895,22,639,303,336,83,168,-85,1559
070705,2127,3025,-898,547,733,-186,106,595,-489,2667
070706,7026,27433,-20407,1971,5064,-3093,609,783,-174,11383
070707,1987,1796,191,962,413,549,66,129,-63,1703
070801,2421,24087,-21666,1021,1904,-883,365,236,129,8308
070802,761,448,313,174,68,106,43,98,-55,1054
070803,579,1420,-841,169,176,-7,57,22,35,1527
070804,393,786,-393,145,93,52,16,30,-14,763
070805,460,1033,-573,94,185,-91,240,28,212,888
070901,4246,5270,-1024,1206,960,246,464,256,208,5784
070902,4482,1579,2903,888,558,330,228,209,19,4569
070903,5279,4012,1267,1173,1094,79,290,294,-4,5857
070904,1033,590,443,351,107,244,44,90,-46,1438
071001,29135,47423,-18288,6482,10333,-3851,3862,3836,26,47384
071002,6651,1665,4986,1333,410,923,197,1050,-853,4164
071003,9662,6315,3347,999,1696,-697,629,963,-334,7043
071004,5776,1512,4264,980,517,463,491,563,-72,6076
071005,5828,2452,3376,1407,789,618,673,397,276,6307
071101,8481,5437,3044,3442,1980,1462,780,291,489,12153
071102,2641,4644,-2003,839,1418,-579,410,223,187,5185
071103,14846,8675,6171,3559,4157,-598,1329,847,482,17696
071104,734,583,151,342,167,175,19,181,-162,1708
071105,2672,2974,-302,816,820,-4,381,247,134,3023
071106,8960,3412,5548,2061,2056,5,902,590,312,9813
071201,1714,3605,-1891,832,1203,-371,139,47,92,4926
071301,4671,7485,-2814,1034,1444,-410,323,234,89,8775
071302,3031,2095,936,554,527,27,98,124,-26,2928
071401,4062,5873,-1811,1422,1886,-464,459,280,179,6809
071402,5805,2449,3356,1459,1557,-98,428,208,220,7135
071403,2998,1061,1937,1163,403,760,147,112,35,3546
071501,10250,2190,8060,3303,822,2481,180,482,-302,13856
071502,1026,1112,-86,387,297,90,53,120,-67,1948
071503,7493,1243,6250,1883,683,1200,268,337,-69,7949
080101,27682,36438,-8756,9249,12520,-3271,921,1151,-230,51430
080102,3992,680,3312,1727,242,1485,98,147,-49,3002
080201,14638,34108,-19470,5346,10466,-5120,637,1013,-376,39107
080202,9197,15995,-6798,2892,4869,-1977,265,257,8,15034
080301,2719,5401,-2682,1103,1320,-217,185,163,22,3829
080302,7276,14068,-6792,2449,4204,-1755,708,367,341,17396
080303,2855,3453,-598,957,1122,-165,97,74,23,3573
080304,7198,5893,1305,2019,2563,-544,514,397,117,8846
080401,2819,15085,-12266,1314,2575,-1261,332,110,222,6832
080402,4114,716,3398,1900,255,1645,82,43,39,3214
080501,3962,11569,-7607,1554,2831,-1277,192,179,13,7008
080601,1291,1542,-251,439,319,120,195,52,143,1346
080602,6623,1488,5135,1888,656,1232,379,224,155,6079
080701,2118,3604,-1486,929,704,225,77,48,29,2493
080702,1674,2209,-535,848,431,417,39,65,-26,2079
080703,550,340,210,256,74,182,13,3,10,380
080801,1900,4637,-2737,676,974,-298,55,81,-26,4043
080802,2282,1799,483,1132,419,713,53,103,-50,3128
080803,1131,926,205,359,206,153,20,16,4,1789
080901,849,183,666,377,40,337,12,50,-38,1067
090101,15925,11739,4186,4450,6950,-2500,590,758,-168,22757
090102,3312,1217,2095,794,425,369,190,282,-92,2884
090103,1333,185,1148,403,98,305,102,55,47,1085
090104,1832,350,1482,681,163,518,143,48,95,1633
090201,3084,1928,1156,1330,886,444,141,103,38,2603
090202,1407,541,866,279,412,-133,17,31,-14,1220
090203,3950,750,3200,1187,359,828,309,67,242,3223
090301,4041,1114,2927,872,279,593,155,196,-41,3758
090302,4366,882,3484,1179,315,864,63,73,-10,3549
090303,5496,1803,3693,1816,923,893,315,68,247,4012
090401,1491,291,1200,443,165,278,46,24,22,1086
090402,1433,239,1194,572,96,476,46,19,27,1066
090501,860,117,743,245,130,115,36,16,20,515
090502,1349,292,1057,498,198,300,60,50,10,793
090503,1549,150,1399,370,222,148,65,18,47,758
