cod_ine,poblacion_nbi,pct_nbi_no_pobre,pct_nbi_satisfechas,pct_nbi_umbral,pct_nbi_pobre,pct_nbi_moderada,pct_nbi_indigente,pct_nbi_marginal,pct_nbi_materiales,pct_nbi_espacios,pct_nbi_agua_sanea,pct_nbi_energia,pct_nbi_educacion,pct_nbi_salud
010101,252037.0,73.04205334930982,40.633716478136144,32.408336871173674,26.957946650690175,22.412582279585934,4.365628856080654,0.1797355150235878,13.47579918821443,61.39733451834453,20.75687299880573,9.559310736122077,35.59199641322504,17.81762201581514
010102,8964.0,45.59348505131638,13.353413654618475,32.2400713966979,54.40651494868362,47.84694332887104,6.470325747434181,0.0892458723784025,15.439535921463632,60.586791610888,55.667112896028556,49.464524765729585,68.32887103971441,14.591700133868809
010103,16157.0,3.8311567741536177,0.8850652967753915,2.9460914773782263,96.16884322584639,48.047286006065484,45.299251098595036,2.8223061211858638,57.65921891440242,81.79736337191311,96.3792783313734,97.14055827195642,85.99368694683419,37.53171999752429
010201,10269.0,12.250462557211023,4.684000389521862,7.566462167689162,87.74953744278898,41.406173921511346,44.81449021326322,1.5288733080144123,69.29593923458954,73.46382315707469,82.9389424481449,90.51514266238192,83.1726555652936,26.34141591196806
010202,13974.0,13.067124660083012,4.458279662229855,8.608844997853156,86.93287533991699,51.7675683412051,34.27078860741377,0.894518391298125,71.39687991985116,71.25375697724346,83.2045226849864,88.90797194790325,84.38528696149993,23.364820380707027
010301,10888.0,29.720793534166056,7.365907421013961,22.354886113152094,70.27920646583395,54.78508449669361,15.126745040411462,0.36737692872887584,37.99595885378398,72.2722263041881,65.80639235855988,69.10360029390154,74.917340191036,19.76487876561352
010302,11700.0,13.991452991452991,3.786324786324786,10.205128205128204,86.00854700854701,44.205128205128204,38.8974358974359,2.905982905982906,66.66666666666667,76.68376068376068,81.09401709401709,83.13675213675214,83.24786324786325,35.47008547008547
010303,7836.0,23.468606431852987,6.457376212353242,17.011230219499744,76.53139356814701,59.09903011740684,17.177131189382337,0.2552322613578356,46.97549770290965,65.00765696784073,76.81214905564063,71.7330270546197,76.8631955079122,23.86421643695763
010304,7500.0,27.706666666666667,3.8133333333333335,23.893333333333334,72.29333333333334,49.46666666666667,21.706666666666667,1.12,49.44,59.666666666666664,50.78666666666667,86.64,85.82666666666667,26.906666666666666
010401,10013.0,29.002297013881954,10.48636772196145,18.515929291920504,70.99770298611804,54.10965744532108,16.768201338260262,0.11984420253670229,51.15350044941576,58.92339958054529,66.57345450913812,69.04024767801857,77.73893937880754,16.98791570957755
010402,8209.0,25.021318065537823,6.371056157875502,18.650261907662323,74.97868193446217,66.03727616031185,8.831770008527226,0.1096357656230966,62.24875137044707,64.2465586551346,63.21110975758314,80.30210744305032,83.27445486660982,13.290291143866488
010403,7088.0,20.86625282167043,6.1512415349887135,14.715011286681715,79.13374717832957,54.99435665914221,23.617381489841986,0.5220090293453724,53.90801354401806,62.64108352144469,72.53103837471784,77.1726862302483,80.89729119638827,24.238148984198645
010404,4801.0,34.805248906477814,15.496771505936263,19.308477400541555,65.19475109352219,54.46781920433243,10.539470943553427,0.18746094563632576,55.17600499895855,68.13163924182462,72.193293063945,70.42282857737972,67.38179545927932,13.330556134138721
010405,4276.0,22.708138447146865,7.390084190832554,15.318054256314312,77.29186155285313,58.278765201122546,18.475210477081383,0.5378858746492049,49.11131898971001,63.47053320860618,65.59869036482694,82.13283442469597,78.34424695977549,13.914873713751168
010501,23104.0,43.58552631578947,12.95446675900277,30.631059556786703,56.41447368421053,43.09643351800554,12.885214681440443,0.4328254847645429,39.40443213296399,67.70256232686981,51.519217451523545,49.787915512465375,64.9194944598338,15.23545706371191
010502,7925.0,24.32807570977918,7.028391167192429,17.29968454258675,75.67192429022082,55.709779179810724,19.608832807570977,0.35331230283911674,49.337539432176655,68.58044164037855,78.41009463722398,77.4384858044164,72.66876971608833,19.77287066246057
010601,16502.0,18.367470609623076,3.811659192825112,14.555811416797964,81.63252939037693,56.19924857593019,24.566719185553268,0.8665616288934674,62.580293297782084,55.659920009695796,79.58429281299236,75.7847533632287,84.02617864501272,32.69906677978427
010602,9781.0,23.330947755853185,4.099785298026787,19.231162457826397,76.66905224414681,57.62192004907474,18.474593599836417,0.572538595235661,50.270933442388305,57.366322461915956,75.93293119312953,75.24792965954401,83.24302218587057,22.451692056026992
010701,14857.0,37.52439927306993,15.655919768459313,21.868479504610622,62.47560072693007,45.80332503197146,16.201117318435752,0.4711583765228512,55.206300060577504,59.46018711718382,57.34670525678131,55.300531735882075,64.11792421080972,24.2040788853739
010702,31611.0,15.108664705324095,3.884723672139445,11.223941033184651,84.8913352946759,51.82373224510455,32.17550852551327,0.8920945240580811,86.67868779855114,62.55733763563317,84.10996172218532,79.81082534560754,76.7707443611401,26.294644269399893
010703,12684.0,12.030905077262693,3.232418795332703,8.798486281929991,87.96909492273731,43.78744875433617,40.97287921791233,3.208766950488805,81.25197098707032,76.92368338063703,88.87574897508672,85.10722169662567,79.83286029643645,28.413749605802586
010704,15485.0,11.934129803035196,2.1440103325799162,9.790119470455279,88.06587019696481,52.72198902163384,33.21924443009364,2.1246367452373263,87.1359380045205,71.53374233128834,82.75750726509526,76.82918953826284,82.49919276719406,28.29835324507588
010801,10723.0,32.86393733097081,11.424041779352793,21.43989555161802,67.13606266902919,51.95374428797911,14.650750722745501,0.531567658304579,47.440082066585845,56.467406509372374,59.00401007180826,69.38356803133452,73.98116198824955,23.35167397183624
010901,3320.0,24.367469879518072,11.927710843373495,12.439759036144578,75.63253012048193,49.4277108433735,25.120481927710845,1.0843373493975903,71.29518072289157,61.265060240963855,73.01204819277109,77.01807228915662,74.51807228915662,15.301204819277109
010902,17329.0,15.95014138149922,3.762479081308789,12.187662300190432,84.04985861850078,49.86438917421663,31.744474580183507,2.4409948641006407,83.70361821224537,67.44186046511628,70.96197126204628,74.43014599803797,81.93779214034278,32.66201165676034
010903,3892.0,28.186022610483043,8.607399794450155,19.578622816032887,71.81397738951696,54.239465570400824,17.21479958890031,0.3597122302158273,70.40082219938336,61.7677286742035,57.73381294964029,77.26104830421377,72.71325796505653,13.180883864337101
011001,9265.0,32.69293038316244,8.008634646519159,24.684295736643282,67.30706961683757,50.825688073394495,15.758229897463572,0.7231516459794927,47.73880194279547,73.84781435509984,60.798704803022126,63.85321100917431,65.55855369670805,16.470588235294116
011002,2424.0,17.244224422442244,3.712871287128713,13.531353135313532,82.75577557755776,70.13201320132013,12.169966996699669,0.4537953795379538,69.18316831683168,80.65181518151815,72.85478547854785,90.51155115511551,62.87128712871287,17.285478547854787
011003,6673.0,31.20035965832459,8.107298066836504,23.093061591488087,68.79964034167541,57.680203806383936,10.939607372995654,0.17982916229581897,61.636445376891956,72.99565412857785,64.94829911583996,70.88266147160198,60.91712872770868,13.142514611119436
020101,743491.0,85.68079506006126,55.90074392292576,29.780051137135487,14.319204939938748,13.083547749737388,1.1998800254475173,0.03577716475384369,6.237869725390086,47.078713797477036,8.086849739943052,1.53895608689278,18.053076634417902,17.560131864407236
020102,16408.0,12.676743052169673,1.657727937591419,11.019015114578254,87.32325694783033,55.07069722086787,31.454168698196003,0.7983910287664554,64.99268649439298,62.390297415894686,88.09117503656753,67.0587518283764,74.37225743539737,61.04948805460751
020103,15640.0,37.33375959079284,15.869565217391305,21.464194373401533,62.66624040920716,40.96547314578005,21.080562659846546,0.6202046035805626,39.35421994884911,53.6381074168798,67.44245524296676,36.06777493606138,56.528132992327365,45.63299232736573
020104,22022.0,28.580510398692216,8.051039869221688,20.52947052947053,71.41948960130779,54.25937698664971,16.783216783216783,0.37689583144128597,35.06039415130324,60.630278812096996,86.90400508582327,25.374625374625374,49.777495232040685,51.52574698029243
020105,833649.0,63.966849357463396,26.81452265881684,37.152326698646554,36.033150642536604,32.033025889792945,3.9481844277387728,0.05194032500488815,18.30314676800428,57.38254349252503,27.05623109965945,5.743184481718325,34.208281902815216,34.47793975642027
020201,45231.0,29.475359819592757,7.680573058300723,21.794786761292034,70.52464018040725,49.63410050628993,20.238332117353142,0.6522075567641662,68.00203400322788,47.726117043620526,64.78079193473502,51.38290110764741,53.136123455152436,51.55756008047578
020202,13016.0,11.508912108174554,2.2357098955132146,9.27320221266134,88.49108789182544,56.38444990780578,31.184695759065765,0.9219422249539029,86.86232329440688,52.95789797172711,74.76951444376152,85.96342962507683,69.4299323909035,59.265519360786726
020203,7858.0,27.207940951896155,6.897429371341309,20.31051158055485,72.79205904810384,54.848561975057265,17.396284041740902,0.5472130313056758,67.87986765080173,42.82260117078137,69.36879613133112,56.91015525579028,60.56248409264444,46.767625349961826
020204,8415.0,30.528817587641118,9.815805109922756,20.71301247771836,69.47118241235889,53.25014854426619,15.852644087938206,0.36838978015448604,78.41948900772431,41.889483065953655,69.00772430184195,82.04396910279263,49.79203802733215,42.34105763517528
020205,3838.0,70.42730588848359,31.526836894215737,38.90046899426785,29.572694111516416,25.87285044293903,3.6737884314747262,0.026055237102657634,20.349140177175613,39.29129755080771,57.42574257425743,31.50078165711308,34.18447107868682,18.030224075039083
020206,4811.0,33.94304718353773,8.106422781126584,25.83662440241114,66.05695281646227,51.11203491997506,14.321346913323634,0.6235709831635835,53.16981916441488,50.3013926418624,76.82394512575348,54.7911037206402,54.10517563916026,42.111827062980666
020301,10242.0,19.488381175551652,8.299160320249952,11.189220855301699,80.51161882444835,45.801601249755905,33.53837141183362,1.1716461628588166,77.34817418472954,54.647529779339976,92.13044327279829,74.17496582698692,55.03807850029291,50.41983987502441
020302,14538.0,8.804512312560187,1.6026963818957216,7.201815930664465,91.19548768743981,52.19424955289586,38.27211445866006,0.7291236758838905,90.51451368826524,67.62966020085294,92.63309946347503,91.202366212684,55.8467464575595,57.814004677397165
020303,9753.0,5.5572644314569875,0.7689941556444171,4.788270275812571,94.44273556854301,47.12396185788988,45.575720291192454,1.7430534194606788,93.38665026145802,61.02737619194094,96.90351686660514,96.23705526504665,54.17820157900133,63.08828052906798
020304,3810.0,8.582677165354331,1.2335958005249343,7.349081364829396,91.41732283464567,56.56167979002625,34.14698162729659,0.7086614173228346,95.03937007874016,47.92650918635171,87.4015748031496,87.53280839895014,61.62729658792651,59.21259842519685
020305,2994.0,15.130260521042084,3.740814963259853,11.389445557782231,84.86973947895791,40.08016032064128,43.62057448229793,1.169004676018704,78.79091516366066,56.045424181696724,92.55177020708082,78.0561122244489,49.498997995991985,58.784235136940545
020306,4964.0,8.279613215149073,0.14101531023368252,8.138597904915391,91.72038678485093,72.5825946817083,18.755036261079773,0.3827558420628525,92.24415793714746,74.47622884770347,97.05882352941177,70.60838033843675,35.63658340048348,47.44157937147462
020307,599.0,17.195325542570952,1.8363939899833055,15.358931552587647,82.80467445742904,62.93823038397329,19.86644407345576,0.0,80.80133555926544,53.08848080133556,94.82470784641069,75.45909849749583,43.40567612687813,26.043405676126877
020308,7189.0,2.698567255529281,0.528585338711921,2.1699819168173597,97.30143274447072,34.91445263597162,58.95117540687161,3.4358047016274864,94.01863958825984,61.218528307135905,98.74808735568229,96.60592571984976,65.28028933092224,68.00667686743635
020401,11159.0,14.114167936194999,3.817546375123219,10.296621561071781,85.885832063805,44.77999820772471,38.62353257460346,2.482301281476835,84.84631239358366,45.29079666636795,89.89156734474415,83.03611434716372,67.33578277623442,63.59888878931804
020402,15390.0,9.07082521117609,2.2612085769980506,6.809616634178037,90.92917478882391,49.577647823261856,39.59714100064977,1.7543859649122806,90.12345679012346,45.16569200779727,79.12280701754386,91.73489278752437,73.3853151397011,63.17089018843405
020403,14252.0,13.373561605388717,4.301150715689026,9.072410889699691,86.62643839461128,54.574796519786695,31.181588548975583,0.8700533258490036,84.78108335672187,45.797081111422955,84.39517260735336,85.72831883244457,68.39040134717935,53.6556272803817
020404,5272.0,4.969650986342944,0.4552352048558422,4.514415781487101,95.03034901365706,49.73444613050076,43.79742033383915,1.4984825493171472,97.13581183611532,50.3793626707132,95.78907435508346,91.2556904400607,73.80500758725341,66.65402124430956
020405,7095.0,16.476391825229033,4.08738548273432,12.389006342494715,83.52360817477097,57.7307963354475,25.059901338971105,0.7329105003523608,84.69344608879493,47.72374911909796,90.35940803382664,78.46370683579985,63.086680761099366,45.89147286821706
020501,11370.0,14.124890061565523,3.4740545294635004,10.650835532102024,85.87510993843448,61.49516270888302,23.562005277044854,0.8179419525065963,85.18029903254178,51.547933157431835,82.0844327176781,93.40369393139842,69.56024626209323,39.55145118733509
020502,8178.0,10.173636585962338,2.8857911469797015,7.287845438982636,89.82636341403766,61.28637808755197,27.366104181951577,1.173881144534116,91.96625091709464,61.799951088285646,72.45047688921497,94.41183663487405,75.28735632183908,30.81438004402054
020503,5369.0,10.355745948966288,2.9986962190352022,7.357049729931086,89.64425405103371,61.14732724902216,27.47252747252747,1.0243993294840752,90.94803501583162,68.26224622834792,89.92363568634755,82.23132799403986,74.39001676289811,33.73067610355746
020601,23158.0,19.699455911564037,4.279298730460316,15.420157181103722,80.30054408843596,51.60203817255376,27.558511097676828,1.1399948182053719,72.80853268848777,56.149062958804734,74.68693324121254,70.52854305207704,64.41402539079368,47.7286466879696
020602,14255.0,32.55699754472115,5.128025254296738,27.42897229042441,67.44300245527884,47.89898281304805,17.44650999649246,2.0975096457383375,52.68326902841108,72.82357067695546,64.25815503332164,41.82392143107681,52.73938968782883,33.57418449666783
020603,7804.0,19.79753972321886,2.8190671450538187,16.978472578165043,80.20246027678114,59.07227063044593,20.1563300871348,0.97385955920041,71.91184008200922,61.532547411583806,79.63864684777037,66.00461301896463,59.264479753972324,30.369041517170682
020604,2598.0,17.66743648960739,5.427251732101617,12.240184757505773,82.3325635103926,57.00538876058506,24.51886066204773,0.8083140877598153,80.75442648190916,50.88529638183218,80.71593533487298,83.64126250962279,68.62971516551194,35.873749037721325
020605,3668.0,17.17557251908397,3.053435114503817,14.122137404580153,82.82442748091603,64.96728462377317,17.72082878953108,0.13631406761177753,80.9432933478735,52.97164667393675,78.57142857142857,89.80370774263903,73.06434023991275,50.408942202835334
020606,9673.0,42.737516799338366,8.508218753230642,34.22929804610772,57.262483200661634,50.55308590923188,6.492298149488266,0.2170991419414866,19.383851959061303,74.08249767393777,67.79696061201282,11.433888142251629,46.14907474413315,28.29525483304042
020607,13051.0,30.16627078384798,4.313845682323193,25.852425101524787,69.83372921615202,63.22887135085434,6.5052486399509615,0.09960922534671672,59.41307179526473,78.26220213010497,74.86016397210942,19.82223584399663,49.09968584782775,22.120910275074706
020608,8888.0,21.714671467146715,3.139063906390639,18.575607560756076,78.28532853285328,56.840684068406844,20.544554455445546,0.9000900090009001,75.63006300630063,69.49819981998199,73.24482448244825,60.42979297929793,50.38253825382538,28.43159315931593
020701,18372.0,22.305682560418028,4.251034182451557,18.05464837796647,77.69431743958198,44.92706292183758,30.617243631613324,2.150010886131069,74.26518615284128,76.58393207054213,72.44175919878076,67.8967994774657,55.64445895928587,49.46657957761811
020702,5892.0,16.530889341479973,2.69857433808554,13.832315003394433,83.46911065852002,51.93482688391039,28.90359809911745,2.630685675492193,75.56008146639512,51.40868974881195,88.18737270875764,61.60896130346232,68.55057705363204,46.11337406653089
020801,77981.0,46.55493004706275,19.33676151883151,27.218168528231235,53.44506995293725,41.4280401636296,11.769533604339518,0.24749618496813328,34.73153716931047,58.215462740924075,58.96308075043921,24.958643772200922,41.69220707608264,38.1913543042536
020802,6950.0,30.172661870503596,7.122302158273381,23.050359712230215,69.8273381294964,55.697841726618705,13.712230215827338,0.4172661870503597,58.86330935251799,45.15107913669065,73.53956834532374,53.381294964028775,63.9136690647482,37.9136690647482
020803,12039.0,17.609435999667745,3.388985796162472,14.220450203505274,82.39056400033225,61.15956474790265,20.865520392059143,0.3654788603704627,71.21853974582606,59.357089459257416,82.33241963618241,71.99933549298115,59.589666915856796,49.66359332170446
020804,6730.0,39.524517087667164,8.484398216939079,31.040118870728083,60.475482912332836,50.49034175334324,9.86627043090639,0.1188707280832095,46.35958395245171,54.27934621099554,68.57355126300149,29.39078751857355,54.79940564635958,41.58989598811293
020805,5976.0,9.236947791164658,1.0876840696117804,8.149263721552877,90.76305220883535,62.31593038821954,27.660642570281123,0.786479250334672,93.44042838018741,51.238286479250334,94.97991967871486,91.75033467202142,56.877510040160644,44.41097724230254
020806,14755.0,13.317519484920366,1.843442900711623,11.474076584208742,86.68248051507963,68.31582514401897,17.899017282277192,0.46763808878346325,91.0199932226364,55.208403930870894,85.25245679430701,83.99864452727888,51.98237885462555,38.4547610979329
020807,6527.0,14.677493488585874,1.7619120576068639,12.91558143097901,85.32250651141413,71.0127164087636,14.141259384096829,0.16853071855370003,84.75563045809713,69.20484142791481,76.3444155048261,47.98529186456258,69.06695265818907,40.93764363413513
020901,11011.0,23.158659522295885,3.3784397420761056,19.78021978021978,76.84134047770411,58.396149305240215,17.8457905730633,0.5994005994005994,50.031786395422756,50.30424121333212,72.18236309145401,74.40741077104714,61.692852601943514,39.54227590591227
020902,12305.0,10.751726940268183,1.6822429906542056,9.069483949613979,89.24827305973182,58.92726533929297,28.955709061357172,1.365298659081674,73.57984559122308,50.87362860625762,93.05973181633482,84.05526208858188,65.77813896789922,46.216984965461194
020903,7189.0,10.057031576018918,2.197802197802198,7.85922937821672,89.94296842398109,63.444150785922936,25.803310613437194,0.6955070246209487,83.43302267352901,62.44262067046877,92.47461399360134,81.05438864932536,60.62039226596189,49.269717624148
020904,4976.0,19.594051446945336,3.4364951768488745,16.157556270096464,80.40594855305466,63.32395498392283,16.59967845659164,0.48231511254019294,74.11575562700965,73.93488745980707,82.35530546623794,57.9983922829582,57.59646302250804,40.27331189710611
020905,11185.0,23.594099240053644,5.105051408135896,18.48904783191775,76.40590075994636,57.612874385337506,18.202950379973178,0.5900759946356727,56.67411712114439,69.41439427805096,88.4309342869915,63.98748323647742,60.87617344658024,40.60795708538221
021001,14540.0,6.9325997248968365,2.1939477303988997,4.738651994497936,93.06740027510317,45.9697386519945,44.037138927097665,3.060522696011004,89.42916093535075,65.6121045392022,89.64924346629986,93.06740027510317,67.69601100412655,55.51581843191197
021002,7950.0,42.515723270440255,12.28930817610063,30.22641509433962,57.484276729559745,39.471698113207545,17.0062893081761,1.0062893081761006,37.84905660377358,58.16352201257862,72.52830188679245,41.899371069182386,56.113207547169814,28.628930817610062
021003,10198.0,31.692488723279073,6.7660325554030205,24.926456167876054,68.30751127672093,58.776230633457544,9.217493626201216,0.31378701706216905,53.00058835065699,63.46342420082369,69.10178466365954,52.72602471072759,63.70857030790351,22.818199646989605
021004,18967.0,25.87125006590394,9.93304159856593,15.938208467338008,74.12874993409606,41.98344493066906,31.090841988717244,1.0544630147097591,70.87573153371646,66.38371909105288,86.76121685031897,63.71592766383719,62.287130278905465,45.99040438656614
021005,7744.0,8.354855371900827,1.4721074380165289,6.882747933884297,91.64514462809917,52.90547520661157,37.71952479338843,1.0201446280991735,87.8099173553719,77.58264462809917,87.88739669421487,85.89876033057851,65.21177685950413,54.28719008264463
021006,5458.0,29.772810553316233,1.630633931843166,28.142176621473066,70.22718944668377,55.698057896665446,13.613045071454746,0.9160864785635764,57.273726639794795,82.53939171857823,63.79626236716746,68.13851227555881,56.760718211799194,19.989006962257236
021101,17369.0,41.044389429443264,9.609073636939375,31.435315792503886,58.955610570556736,52.029477805285275,6.759168633772814,0.16696413149864703,41.84466578386781,55.852380678219816,62.51943117047614,43.22643790661523,52.36340606828257,26.558811675974436
021102,16616.0,28.153586904188735,7.3964853153586905,20.757101588830043,71.84641309581127,54.9831487722677,16.598459316321616,0.26480500722195477,60.026480500722194,61.862060664419836,65.88830043331728,61.88613384689456,59.80380356283101,30.03731343283582
021103,6167.0,48.41900437814172,20.479974055456463,27.93903032268526,51.58099562185828,43.16523431165883,7.92930111885844,0.4864601913410086,33.776552618777366,62.00745905626723,50.00810766985568,45.613750608075236,49.58650883736014,21.096156964488404
021104,23708.0,24.94516618862831,4.036612114054328,20.908554074573985,75.0548338113717,57.84123502615151,16.483887295427703,0.7297114897924751,73.54057702041504,70.83263033575165,66.62308081660198,64.13868736291548,49.363084190990385,22.654800067487766
021105,39354.0,12.865274177974285,1.672002845962291,11.193271332011994,87.13472582202571,54.66788636479138,30.977791329979162,1.489048127255171,74.60486862834782,67.71611526147278,83.8821974894547,76.36326675814402,61.86918737612441,39.919703206789656
021201,29551.0,17.295522994145713,3.878041352238503,13.41748164190721,82.70447700585429,55.206253595479005,26.62854048932354,0.869682921051741,74.70474772427329,53.40936008933708,83.36096917194004,61.6121281851714,60.410815200839224,55.28746912118033
021202,24260.0,14.101401483924155,2.357790601813685,11.74361088211047,85.89859851607585,56.33553173948887,28.80873866446826,0.754328112118714,73.87469084913438,62.75350370981039,81.29431162407255,67.5267930750206,61.3520197856554,57.069249793899424
021203,17264.0,23.615616311399442,4.71501390176089,18.900602409638555,76.38438368860055,52.80931417979611,22.93790546802595,0.6371640407784986,62.135078776645045,51.04263206672845,74.10797034291011,55.334800741427244,58.81024096385542,56.49907321594068
021204,6401.0,18.79393844711764,2.2027808154975785,16.59115763162006,81.20606155288236,61.81846586470864,18.79393844711764,0.593657241056085,59.975003905639745,54.397750351507575,91.93875956881737,53.64786752069989,64.78675206998906,42.680831120137476
021301,30952.0,18.16683897647971,2.442491599896614,15.724347376583097,81.83316102352029,57.81855776686482,23.129361592142672,0.885241664512794,63.1978547428276,66.16373739984492,87.53876970793486,57.57301628327733,52.74941845438098,46.26518480227449
021302,8780.0,14.157175398633257,2.357630979498861,11.799544419134396,85.84282460136674,54.3507972665148,30.592255125284737,0.8997722095671982,68.74715261958998,60.80865603644647,88.45102505694761,71.77676537585421,61.44646924829157,50.99088838268793
021303,7728.0,14.117494824016562,2.2127329192546585,11.904761904761905,85.88250517598344,55.46066252587992,29.360766045548655,1.0610766045548654,79.7748447204969,53.1444099378882,93.86645962732919,68.72412008281573,59.09679089026915,50.64699792960663
021304,12168.0,18.91847468770546,2.662721893491124,16.25575279421433,81.08152531229454,57.11702827087443,23.397435897435898,0.5670611439842209,81.11439842209073,59.92767915844839,85.16600920447074,56.16370808678501,55.73635765943458,49.465811965811966
021305,22110.0,32.69109000452284,6.874717322478516,25.816372682044324,67.30890999547717,50.32112166440525,16.653098145635457,0.33469018543645407,48.19990954319312,57.00135685210312,63.95748530076888,33.577566711895074,52.50113071008593,48.71551334237901
021306,9757.0,23.173106487649893,2.6032591985241367,20.569847289125757,76.82689351235011,60.88961771036179,15.496566567592497,0.4407092343958184,74.78733217177411,59.95695398175669,83.33504150866045,49.85138874654095,50.948037306549146,35.03125960848622
021307,4963.0,28.652024984888172,3.223856538384042,25.42816844650413,71.34797501511183,62.01894015716301,8.744710860366714,0.5843239975821076,69.75619584928471,65.94801531331856,77.574047954866,36.08704412653637,42.53475720330445,32.94378400161193
021401,18608.0,35.40412725709373,10.25902837489252,25.145098882201204,64.59587274290628,50.4030524505589,13.800515907136715,0.3923043852106621,47.20012897678418,66.46603611349957,61.28009458297507,56.66917454858125,52.09587274290627,29.44969905417025
021402,16660.0,45.12004801920768,8.85954381752701,36.260504201680675,54.87995198079232,47.965186074429774,6.728691476590636,0.18607442977190877,31.710684273709482,59.60984393757503,56.434573829531814,37.364945978391354,56.86674669867947,30.912364945978393
021501,8217.0,22.684678106364853,3.4197395643178776,19.264938542046977,77.31532189363514,57.44188876718997,18.193988073506144,1.6794450529390288,63.6485335280516,77.16928319337958,83.24205914567361,68.26092247778995,49.0203237191189,30.668127053669224
021502,8197.0,38.42869342442357,6.892765645968037,31.535927778455534,61.57130657557643,52.08002927900451,9.344882274002684,0.14639502256923265,64.79199707209955,80.35866780529462,41.83237769915823,59.27778455532512,50.31108942295962,15.530071977552764
021601,12862.0,8.53677499611258,2.1303063287202613,6.406468667392319,91.46322500388742,58.886642823822115,31.332607681542527,1.2439744985227803,88.3221893951174,70.68107603794122,92.55170269009486,91.96081480329653,71.58295754937024,42.28735810915876
021602,3244.0,11.498150431565968,0.8014796547472256,10.696670776818742,88.50184956843403,62.207151664611594,25.30826140567201,0.9864364981504316,89.21085080147965,65.28976572133169,79.28483353884094,94.75955610357583,71.97903822441431,39.67324290998767
021701,14367.0,33.66743231015521,7.983573466972924,25.683858843182293,66.33256768984478,50.84568803508039,15.271107398900257,0.2157722558641331,37.544372520359154,45.35393610357068,56.44184589684694,47.490777476160645,61.20971671190924,52.46049975638616
021702,5914.0,25.870815015218128,5.935069327020629,19.935745688197496,74.12918498478187,55.34325329726074,18.058843422387554,0.7270882651335814,48.20764288129861,47.31146432194792,86.67568481569158,66.70612106865066,62.817044301657084,39.75312817044302
021703,6229.0,15.813132123936427,0.5939958259752769,15.21913629796115,84.18686787606357,61.936105313854554,21.60860491250602,0.642157649703002,64.21576497030021,71.55241611815701,94.02793385776208,73.04543265371649,64.29603467651309,41.70813934820998
021801,8720.0,6.8004587155963305,0.8830275229357798,5.91743119266055,93.19954128440367,64.93119266055047,27.660550458715598,0.6077981651376146,87.98165137614679,73.9908256880734,97.4770642201835,84.0137614678899,45.40137614678899,37.809633027522935
021802,6920.0,5.997109826589595,0.5346820809248555,5.46242774566474,94.0028901734104,66.3728323699422,27.08092485549133,0.5491329479768786,88.0635838150289,72.03757225433526,97.6300578034682,87.64450867052022,52.18208092485549,35.28901734104046
021803,1988.0,3.2193158953722336,0.45271629778672035,2.766599597585513,96.78068410462777,51.96177062374245,43.10865191146881,1.710261569416499,93.46076458752515,72.53521126760563,99.9496981891348,91.80080482897384,54.87927565392354,52.16297786720322
021901,4497.0,14.142761841227484,1.7567267066933512,12.386035134534135,85.85723815877252,61.86346453191016,23.660217923059818,0.333555703802535,74.09384033800312,54.9477429397376,84.45630420280187,90.70491438736936,54.3028685790527,48.34334000444741
021902,2852.0,12.622720897615709,0.7713884992987378,11.85133239831697,87.37727910238429,61.150070126227206,25.94670406732118,0.2805049088359046,93.47826086956522,75.66619915848527,83.30995792426367,79.1374474053296,46.4586255259467,45.33660589060309
022001,48617.0,24.904868667338587,5.831293580434827,19.07357508690376,75.09513133266141,55.353065800028794,18.91930806096633,0.8227574716662895,66.6947775469486,72.55281074521258,58.14838431001502,71.03070942262994,50.56667420861016,37.182467038278794
022002,10793.0,18.43787640137126,2.9278235893634763,15.510052812007784,81.56212359862874,57.44464004447327,23.218752895395163,0.8987306587603076,80.987677198184,74.4186046511628,73.6217919021588,75.17835634207357,53.19188362827759,24.07115723153896
030101,616036.0,71.45621359790661,40.278652546279766,31.177561051626853,28.543786402093385,25.533897369634243,2.9452824185599544,0.0646066138991877,8.45388905843165,60.03366686362485,32.56384367147375,3.7981546532994823,27.8342499464317,21.09763065794856
030201,22853.0,30.91060254671159,10.42751498709141,20.48308755962018,69.08939745328841,44.65059291996674,22.740996805671028,1.6978077276506367,61.5936638515731,63.85157309762394,57.76046908502166,63.26084102743622,70.54653655975146,33.912396621887716
030202,6773.0,30.96116934888528,3.2629558541266794,27.6982134947586,69.03883065111472,53.477041192972095,15.030267237560903,0.5315222205817215,61.125055366897975,65.83493282149712,81.35242876125794,65.21482356415179,56.69570352871696,18.307987597814854
030203,5558.0,30.298668585822238,4.534005037783375,25.764663548038865,69.70133141417776,60.48938467074487,8.654192155451602,0.5577545879812882,45.43001079525009,71.7164447643037,61.9647355163728,59.39186757826556,75.92659229938828,16.93055055775459
030301,23183.0,13.596169607039641,3.6276581978173663,9.968511409222275,86.40383039296036,46.23646637622396,36.48363024630117,3.6837337704352326,85.48505370314454,67.93771297933831,88.26295130052193,77.93210542207652,80.93430530992538,35.72445326316698
030302,12611.0,7.52517643327254,1.6255649829513916,5.8996114503211485,92.47482356672747,52.85861549440964,37.554515898818494,2.061692173499326,91.95940052335263,61.27983506462612,81.77781302037903,89.34263738006503,85.64745063833162,36.571247323764965
030303,17430.0,3.2759609868043604,0.5220883534136547,2.7538726333907055,96.72403901319564,52.300631095811816,42.11130235226621,2.3121055651176134,95.00860585197934,68.0837636259323,88.02065404475043,93.05794606999426,85.61101549053356,43.71772805507745
030401,7722.0,47.034447034447034,17.236467236467238,29.7979797979798,52.965552965552966,40.339290339290336,11.784511784511784,0.8417508417508418,50.479150479150476,50.93240093240093,50.90650090650091,46.127946127946124,57.12250712250712,21.678321678321677
030402,7050.0,15.361702127659575,7.304964539007092,8.056737588652481,84.63829787234043,51.94326241134752,30.893617021276597,1.801418439716312,66.65248226950355,53.3758865248227,82.42553191489361,82.822695035461,78.39716312056737,40.97872340425532
030403,16909.0,41.50452421787214,11.289845644331422,30.214678573540716,58.49547578212786,45.8513217812999,12.153291146726595,0.49086285410136615,38.56526110355432,61.51753504051097,56.31320598497842,38.0093441362588,61.91377372996629,28.724347980365486
030404,4249.0,13.838550247116968,1.8357260531889856,12.002824193927983,86.16144975288303,62.62650035302424,22.875970816662743,0.6589785831960461,86.42033419628147,58.131325017651214,75.05295363614968,86.79689338667922,71.52271122617087,30.10120028241939
030501,9273.0,50.7926237463604,16.078938854739565,34.71368489162084,49.2073762536396,40.58017901434272,8.433085301412703,0.19411193788417988,46.67313706459614,45.45454545454545,43.47029008950717,34.57349293648226,60.314892699234335,25.320823897336354
030502,8750.0,17.53142857142857,2.994285714285714,14.537142857142857,82.46857142857142,65.41714285714286,16.674285714285713,0.37714285714285717,88.75428571428571,49.348571428571425,76.90285714285714,80.46857142857142,79.45142857142856,24.96
030601,10352.0,4.617465224111283,0.7921174652241113,3.8253477588871716,95.38253477588871,51.71947449768161,41.23840803709428,2.4246522411128284,81.53013910355487,65.47527047913447,88.50463678516229,93.06414219474497,88.4273570324575,34.72758887171561
030602,9784.0,7.379394930498774,0.9607522485690924,6.418642681929681,92.62060506950122,60.19010629599346,31.16312346688471,1.267375306623058,80.95870809484873,58.70809484873263,69.6238757154538,96.56582174979559,86.6107931316435,42.569501226492235
030701,19041.0,43.70568772648495,14.967701276193477,28.737986450291476,56.29431227351505,41.93582269838769,13.649493198886613,0.7089963762407436,37.52428969066751,58.80993645291739,49.80830838716454,38.73746126779056,63.02190011028833,27.986975473977207
030702,6279.0,43.064182194616976,10.845676063067367,32.21850613154961,56.935817805383024,44.497531454053195,11.641981207198599,0.7963051441312311,41.790093964007006,56.7287784679089,48.65424430641822,61.20401337792642,67.30371078197165,23.140627488453575
030703,3680.0,16.168478260869566,2.092391304347826,14.076086956521738,83.83152173913044,57.119565217391305,25.13586956521739,1.576086956521739,58.07065217391305,70.7336956521739,75.59782608695652,81.875,79.78260869565217,26.60326086956522
030801,21598.0,64.67265487545143,20.47411797388647,44.19853690156496,35.32734512454857,32.34558755440319,2.921566811741828,0.06019075840355589,34.739327715529214,57.93128993425317,26.03481803870729,14.751365867209927,48.828595240300025,20.26576534864339
030802,6987.0,38.142264204952056,6.46915700586804,31.67310719908401,61.857735795047944,53.51366824101903,8.02919708029197,0.31487047373694005,62.430227565478745,53.470731358236726,53.15586088449979,52.984113353370546,72.63489337340776,23.214541290968942
030803,5092.0,57.60015710919089,14.807541241162609,42.79261586802828,42.39984289080911,39.591516103692065,2.7690494893951296,0.03927729772191673,22.72191673212883,61.3707776904949,47.25058915946583,15.278868813825609,56.38256087981147,18.87274155538099
030901,133971.0,71.73865985922326,36.23918609251256,35.49947376671071,28.261340140776735,24.84791484724306,3.2738428465862013,0.1395824469474737,10.226093706847005,63.924282120757475,24.96137223727523,6.4163139783983105,35.492009464734906,22.107023161729032
030902,40461.0,48.278589258792415,15.133091124786832,33.145498134005585,51.721410741207585,41.02221892686785,9.651269123353353,1.047922690986382,26.000346012209288,68.7872272064457,45.13234967005264,22.41911964607894,60.253083215936336,30.51333382763649
030903,52373.0,65.06787848700667,27.699387088767114,37.36849139823955,34.932121512993334,30.057472361713096,4.57869512916961,0.29595402211062954,16.11135508754511,66.45790770053272,36.36797586542684,12.869226509842857,37.11263437267294,22.301567601626793
030904,51012.0,57.10617109699678,22.6907394338587,34.41543166313809,42.89382890300322,37.016780365404216,5.567317493922999,0.3097310436759978,13.5360307378656,67.36650199952952,47.233984160589664,14.351525131341646,45.57163020465773,26.79369560103505
030905,50951.0,82.93654687837333,45.583011128338995,37.35353575003435,17.06345312162666,16.290161135208336,0.7693666463857431,0.003925340032580322,7.54646621263567,61.814292163058624,14.653294341622344,2.4572628603952817,27.100547584934546,15.061529705010697
031001,168328.0,63.71073142911459,28.849626918872676,34.86110451024191,36.28926857088541,31.880019961028466,4.267857991540326,0.14139061831661992,18.602371560287057,61.89047573784516,36.22748443515042,14.15866641319329,40.87911696212157,22.98726296278694
031002,18493.0,26.93451576272103,5.234413021143135,21.700102741577894,73.06548423727897,50.92737792678311,20.75920618612448,1.3789001243713839,56.859352187314116,62.27761855837344,49.29973503487806,57.09187260044341,75.4880224949981,41.945601038230684
031003,67922.0,21.375990106298403,3.811725214216307,17.564264892082093,78.6240098937016,56.55310503224287,20.686964459232648,1.3839404022260828,64.0587732987839,72.78937604899738,72.57884043461618,61.0170489679338,70.71346544565826,25.10821236123789
031101,24141.0,5.132347458680253,1.0935752454330807,4.038772213247173,94.86765254131974,42.43817571765875,47.379975974483244,5.049500849177748,89.55304254173397,69.00294105463733,90.2945196967814,90.95315024232633,84.826643469616,42.45060270908413
031201,14323.0,12.92327026460937,3.609578998813098,9.313691265796272,87.07672973539063,47.35739719332542,38.23919569922502,1.480136842840187,72.86881239963695,65.51700062835998,84.66801647699505,80.86294770648607,81.45639879913426,38.72093835090414
031202,9988.0,10.582699239086905,2.2827392871445733,8.29995995194233,89.4173007609131,51.93231878253905,36.28354024829796,1.2014417300760913,83.45014016820184,71.45574689627553,84.05086103323988,82.08850620744894,82.26872246696036,31.417701241489787
031203,10402.0,13.574312632186118,1.8361853489713518,11.738127283214766,86.42568736781388,69.33282061142089,16.343010959430877,0.7498557969621227,80.90751778504134,57.08517592770621,73.64929821188232,80.27302441838108,81.76312247644684,25.850797923476254
031204,20404.0,33.04744167810233,7.915114683395412,25.13232699470692,66.95255832189767,50.33816898647324,15.835130366594786,0.7792589688296413,43.82964124681435,75.03430699862773,67.34463830621446,46.68692413252303,59.23348363066066,23.309155067633796
031205,44915.0,30.991873538906823,6.897473004564176,24.094400534342647,69.00812646109317,54.04653233886229,14.449515751975955,0.512078370254926,50.09907603250584,73.23611265724145,62.582656128242235,50.9762885450295,65.04063230546588,25.089613714794613
031206,28860.0,30.554400554400555,6.413721413721413,24.14067914067914,69.44559944559944,50.84199584199584,17.56756756756757,1.0360360360360361,46.337491337491336,66.85377685377685,63.735273735273736,46.16424116424116,63.898128898128896,29.504504504504503
031301,19360.0,20.40805785123967,5.284090909090909,15.12396694214876,79.59194214876032,54.674586776859506,23.362603305785125,1.5547520661157024,58.00103305785124,67.8047520661157,80.14462809917356,62.99586776859504,76.70971074380165,30.83677685950413
031302,5350.0,8.22429906542056,1.644859813084112,6.579439252336448,91.77570093457943,45.14018691588785,44.429906542056074,2.205607476635514,85.70093457943925,71.85046728971963,82.05607476635514,93.4766355140187,85.58878504672897,41.4392523364486
031303,3394.0,3.0936947554507954,0.3830288744843842,2.7106658809664115,96.9063052445492,50.41249263406011,44.84384207424868,1.6499705362404242,93.25279905715969,71.97996464348851,88.21449616971125,97.40718915733648,83.44136711844432,39.42251031231585
031304,6887.0,1.684332800929287,0.42108320023232176,1.2632496006969653,98.31566719907072,35.0225061710469,58.08044141135473,5.212719616669086,96.39901263249601,74.50268622041527,97.1104980397851,96.60229417743575,89.77784231160157,45.665747059677656
031401,28370.0,66.05569263306309,22.499118787451533,43.55657384561156,33.944307366936904,31.476912231230173,2.442721184349665,0.024673951357067323,27.275290800140993,52.28762777581953,30.79309129362002,10.673246387028552,49.46774762072612,20.54635178004935
031402,8016.0,32.659680638722556,9.805389221556887,22.85429141716567,67.34031936127745,57.684630738522955,9.493512974051896,0.16217564870259482,66.01796407185628,57.58483033932136,65.7185628742515,33.96956087824351,60.54141716566866,28.69261477045908
031403,13228.0,55.98729966737224,14.106440882975507,41.880858784396736,44.01270033262776,38.96280616873299,4.906259449652253,0.14363471424251587,30.30692470517085,57.03054127608104,44.6628364076202,22.346537647414575,56.59963713335349,21.666162685213184
031404,1281.0,33.48946135831382,11.7096018735363,21.779859484777518,66.51053864168618,61.59250585480094,4.918032786885246,0.0,69.00858704137393,58.5480093676815,82.98204527712724,66.90085870413739,44.88680718188915,18.26697892271663
031405,2750.0,22.8,4.836363636363636,17.963636363636365,77.2,60.981818181818184,16.10909090909091,0.10909090909090909,83.85454545454546,70.32727272727273,68.32727272727273,81.6,60.472727272727276,29.01818181818182
031501,7093.0,6.583956012970535,1.4239390948822783,5.160016918088256,93.41604398702947,56.15395460312985,34.45650641477513,2.805582969124489,92.64063160862823,59.001832792894405,95.09375440575215,87.3114338079797,84.19568588749472,47.962780205836744
031601,20817.0,19.22467214296008,2.7717730700869483,16.452899072873134,80.77532785703993,62.07426622472018,18.03814190325215,0.662919729067589,82.44223471201421,55.05116010952587,62.02142479704088,73.23821876351059,77.06682038718355,42.10981409424989
031602,19988.0,33.16489893936362,5.773464078447068,27.39143486091655,66.83510106063638,51.25575345207124,15.009005403241945,0.5703422053231939,50.23013808284971,71.78306984190515,50.82549529717831,45.8625175105063,66.52491494896938,25.725435261156694
040101,257696.0,75.09196883149137,39.067738730907735,36.02423010058364,24.90803116850863,21.939028933316777,2.9084657891469017,0.06053644604495219,10.226002731901154,56.8068576927853,26.46684465416615,4.623277039612566,23.691869489631195,21.172233950080717
040102,22712.0,25.528355054596688,5.723846424797464,19.804508629799226,74.47164494540331,51.19760479041916,22.732476224022545,0.5415639309616062,64.70588235294117,65.92990489609018,84.76576259246214,56.005635787249034,47.521134202183866,40.52042972877774
040103,8605.0,2.0685647879140037,0.37187681580476467,1.6966879721092387,97.931435212086,48.13480534572923,46.670540383497965,3.126089482858803,93.92213829169087,76.61824520627542,99.81406159209762,93.63160952934341,54.30563625798954,32.43463102847182
040104,12702.0,15.548732483073533,1.34624468587624,14.202487797197291,84.45126751692646,58.1798142024878,25.74397732640529,0.5274759880333806,63.83246732797985,69.43001102188632,95.88253818296332,53.786805227523224,69.4615021256495,46.063612029601636
040201,27651.0,26.302846190011213,6.1697587790676645,20.133087410943546,73.69715380998879,46.58059383024122,25.4565838486854,1.6599761310621677,53.556833387580916,60.363097175509026,73.91776065965064,52.3344544501103,63.636034863115256,47.60406495244295
040202,3906.0,26.446492575524832,8.218125960061444,18.22836661546339,73.55350742447517,55.913978494623656,17.28110599078341,0.35842293906810035,53.3026113671275,65.02816180235536,80.08192524321557,60.85509472606247,53.04659498207885,28.648233486943166
040301,8849.0,8.76935246920556,1.762911063396994,7.006441405808566,91.23064753079444,56.42445474064866,33.20149169397672,1.6047010961690586,76.47191773081704,71.26228952424003,96.94880777488981,87.34320262176517,49.689230421516555,42.24206124985874
040302,1806.0,9.856035437430787,1.273532668881506,8.582502768549281,90.14396456256921,73.5326688815061,16.44518272425249,0.16611295681063123,81.0077519379845,74.47397563676634,96.84385382059801,89.97785160575859,43.521594684385384,22.978959025470655
040401,3846.0,27.119084763390536,8.398335933437338,18.720748829953198,72.88091523660947,43.6817472698908,28.679147165886636,0.5200208008320333,70.0988039521581,53.92615704628185,72.82891315652626,63.07852314092564,58.24232969318773,47.16588663546542
040402,5008.0,19.548722044728436,5.55111821086262,13.997603833865815,80.45127795527156,57.50798722044728,22.783546325878593,0.1597444089456869,68.13099041533546,69.1094249201278,84.185303514377,78.17492012779553,50.75878594249201,35.8426517571885
040501,633.0,77.72511848341232,36.65086887835703,41.07424960505529,22.274881516587676,21.80094786729858,0.47393364928909953,0.0,9.162717219589258,44.23380726698262,23.696682464454977,9.95260663507109,25.908372827804108,16.113744075829384
040502,4188.0,9.50334288443171,1.4804202483285578,8.022922636103152,90.4966571155683,52.387774594078316,36.43744030563515,1.6714422158548232,64.01623686723973,89.756446991404,96.96752626552053,86.5090735434575,27.2683858643744,50.45367717287488
040503,1951.0,10.661199384930805,0.7688364941055869,9.892362890825218,89.33880061506919,57.25269092772937,29.062019477191186,3.0240902101486418,52.63967196309585,89.33880061506919,96.00205023065095,80.01025115325474,38.134290107637106,49.15427985648385
040504,512.0,7.6171875,0.1953125,7.421875,92.3828125,81.25,11.1328125,0.0,59.1796875,82.8125,99.21875,92.96875,43.9453125,6.640625
040505,2665.0,21.72607879924953,1.6135084427767354,20.112570356472794,78.27392120075046,66.75422138836772,11.069418386491558,0.450281425891182,30.99437148217636,80.26266416510319,90.093808630394,58.611632270168855,40.412757973733584,28.442776735459663
040601,7128.0,47.138047138047135,18.013468013468014,29.124579124579125,52.861952861952865,39.80078563411897,11.9668911335578,1.0942760942760943,50.54713804713805,58.7962962962963,67.69079685746352,44.14983164983165,49.85970819304153,23.625140291806957
040602,5853.0,40.28703229113275,10.268238510165727,30.018793780967027,59.71296770886725,48.300017085255426,10.763710917478216,0.6492397061336067,38.47599521612848,58.72202289424227,87.10063215445071,34.10216982743892,48.35127285152913,25.79873569109858
040603,3173.0,49.85817838008194,30.696501733375353,19.161676646706585,50.14182161991806,37.094232587456666,12.511818468326505,0.5357705641348881,40.46643554995273,61.802710368736214,70.78474629687993,35.70753230381342,40.08824456350457,25.9691144027734
040701,24046.0,75.95857938950346,43.74948016302088,32.20909922648258,24.041420610496548,18.45629210679531,5.381352407884887,0.203776095816352,15.254096315395492,49.35956084172004,52.6407718539466,11.082924394909757,38.156034267653666,16.93005073608916
040702,4691.0,54.80707738222127,18.354295459390322,36.45278192283095,45.19292261777873,38.71242805371989,6.0754636538051585,0.40503091025367727,41.7395011724579,51.780004263483264,64.25069281603069,29.5459390321893,43.785973140055425,19.377531443189085
040801,11551.0,18.2927885031599,2.7530083975413384,15.539780105618561,81.7072114968401,60.12466453120942,21.21028482382478,0.3722621418059042,58.87801921911523,70.41814561509825,91.39468444290537,67.04181456150982,47.60626785559692,36.7846939658904
040802,2904.0,14.807162534435262,2.5482093663911844,12.258953168044076,85.19283746556474,58.333333333333336,25.65426997245179,1.2052341597796143,65.18595041322314,69.6625344352617,88.4641873278237,68.83608815426997,60.77823691460055,33.47107438016529
040901,7685.0,13.584905660377359,2.992843201040989,10.59206245933637,86.41509433962264,61.834743005855564,24.046844502277164,0.5335068314899154,51.21665582303188,79.57059206245934,91.60702667534157,72.19258295380611,34.87312947299935,46.24593363695511
040902,864.0,15.50925925925926,0.9259259259259259,14.583333333333334,84.49074074074075,82.4074074074074,2.0833333333333335,0.0,30.439814814814813,78.58796296296296,99.18981481481481,33.101851851851855,21.064814814814813,15.856481481481481
040903,1883.0,18.53425385023898,3.1332979288369622,15.400955921402018,81.46574614976102,66.7020711630377,14.179500796601168,0.5841741901221456,76.63303239511418,73.18109399893787,88.21030270844398,62.294211364843335,57.03664365374402,24.641529474243228
041001,9818.0,7.81218170706865,2.9028315339172948,4.9093501731513545,92.18781829293135,51.02872275412508,38.775718068853124,2.3833774699531474,89.2544306376044,71.07353839885924,95.87492360969648,82.5117131798737,51.48706457526991,38.989610918720714
041101,5125.0,33.26829268292683,6.965853658536585,26.302439024390242,66.73170731707317,52.8,13.658536585365853,0.2731707317073171,50.985365853658536,60.11707317073171,85.87317073170732,40.8390243902439,50.4,30.90731707317073
041201,5049.0,11.58645276292335,1.9805902158843336,9.605862547039017,88.41354723707664,60.50703109526639,26.460685284214694,1.4458308575955634,78.25311942959001,72.3509605862547,95.56347791641909,85.04654387007328,49.07902554961378,33.29372152901565
041202,1945.0,10.077120822622108,0.6683804627249358,9.408740359897172,89.9228791773779,71.00257069408741,18.14910025706941,0.7712082262210797,81.18251928020565,73.72750642673522,98.04627249357327,88.99742930591259,47.81491002570694,25.912596401028278
041301,5372.0,7.073715562174237,0.8376768428890543,6.236038719285182,92.92628443782576,59.66120625465376,31.664184661206253,1.6008935219657483,88.7192851824274,67.96351451973194,96.81682799702159,91.75353685778109,50.539836187639615,40.28294862248697
041401,12943.0,27.87607200803523,8.460171521285638,19.415900486749596,72.12392799196476,45.383605037471995,25.527312060573284,1.2130108939194932,58.37904658888975,63.439697133585724,77.43954260990496,58.99714131190605,58.30178474851271,33.75569806072781
041501,506.0,16.40316205533597,3.3596837944664033,13.043478260869565,83.59683794466403,63.63636363636363,19.1699604743083,0.7905138339920948,77.86561264822134,76.48221343873517,85.57312252964427,77.27272727272727,36.95652173913044,27.470355731225297
041502,656.0,10.975609756097562,1.2195121951219512,9.75609756097561,89.02439024390245,53.96341463414634,34.451219512195124,0.6097560975609756,89.78658536585365,83.07926829268293,91.15853658536585,89.9390243902439,29.573170731707318,38.26219512195122
041503,838.0,2.386634844868735,0.35799522673031026,2.028639618138425,97.61336515513126,72.91169451073986,23.86634844868735,0.8353221957040573,94.86873508353221,87.82816229116945,97.25536992840095,92.48210023866348,31.384248210023866,18.973747016706444
041601,5346.0,9.034792368125702,1.5899738121960345,7.444818555929667,90.96520763187429,56.26636737747849,33.295922184811076,1.4029180695847363,83.80097268986158,69.26674148896372,96.01571268237934,87.31762065095398,51.365506921062476,36.43845866068088
050101,186467.0,74.74727431663511,40.2403642467568,34.506910069878316,25.252725683364886,21.89180927456333,3.290662690985536,0.07025371781602106,11.966192409380747,61.48809172668622,17.796178412265977,8.086685579754059,32.12471911920072,21.137252167943927
050102,26756.0,4.541037524293617,0.8409328748691882,3.700104649424428,95.45896247570639,44.89460307968306,46.54283151442667,4.0215278815966515,89.437883091643,73.94229331738676,94.1620571086859,93.76214680819255,87.21408282254447,45.67573628345044
050103,8727.0,34.91463274894007,8.846109774263779,26.06852297467629,65.08536725105994,56.69760513349375,8.11275352354761,0.2750085940185631,28.027959207058554,58.97788472556434,76.53259997708261,57.95806118941217,65.61246705626218,23.627821702761544
050104,2712.0,5.014749262536873,0.4056047197640118,4.609144542772861,94.98525073746313,61.94690265486726,31.932153392330385,1.1061946902654867,84.88200589970502,72.71386430678466,94.46902654867256,86.68879056047197,62.13126843657817,32.37463126843658
050201,21350.0,39.714285714285715,15.770491803278688,23.943793911007027,60.285714285714285,44.960187353629976,14.824355971896955,0.5011709601873536,47.37236533957845,57.395784543325526,63.18501170960187,44.65573770491803,60.824355971896956,35.77985948477752
050202,15793.0,23.92199075539796,6.110302032546064,17.811688722851898,76.07800924460204,57.53181789400367,17.868675995694296,0.6775153549040714,65.79497245615146,58.91217628063066,83.94225289685303,60.039257899069206,73.60222883556006,38.94130310897233
050203,39862.0,62.450454066529524,28.849530881541316,33.60092318498821,37.549545933470476,30.339671867944407,7.004164367066379,0.20570969845968592,27.15368019667854,57.30018564045959,44.25016306256585,18.74968641814259,39.019617680999445,26.639405950529326
050204,7862.0,18.46858305774612,6.868481302467566,11.600101755278555,81.53141694225388,40.307809717629105,39.74815568557619,1.475451539048588,64.34749427626558,71.69931315186976,94.41617908929025,63.24090562197914,76.2274230475706,54.13380819129993
050301,33080.0,24.005441354292625,4.525392986698912,19.480048367593714,75.99455864570737,57.29141475211608,18.292019347037485,0.4111245465538089,49.04171704957678,57.805320435308346,78.24062877871826,66.3391777509069,75.45949214026602,29.020556227327692
050302,9559.0,23.276493357045716,3.3267078146249607,19.949785542420756,76.72350664295428,61.512710534574744,14.70865153258709,0.5021445757924469,50.4446071764829,49.356627262265924,79.96652369494717,76.55612511769013,76.27366879380688,33.08923527565645
050303,11553.0,6.846706483164546,0.8915433220808447,5.955163161083701,93.15329351683545,42.828702501514755,47.40759975763871,2.916991257681987,82.59326581840214,56.38362330130702,98.81416082402839,92.07997922617501,84.12533541071583,49.32917856833723
050401,14825.0,20.344013490725125,5.241146711635751,15.102866779089377,79.65598650927487,44.76222596964587,31.008431703204046,3.8853288364249576,69.13322091062395,69.84148397976391,82.55649241146712,70.41483979763912,73.9629005059022,42.11804384485666
050402,20686.0,8.227786909020594,2.146379193657546,6.0814077153630475,91.7722130909794,49.951658126268974,39.16175190950401,2.6588030552064197,87.54229913951465,67.64961809919753,78.99062167649618,91.69970028038287,84.75297302523445,38.69766992168616
050403,25846.0,9.235471639712141,1.7720343573473651,7.463437282364776,90.76452836028785,53.54793778534396,34.62431323995976,2.5922773349841366,79.53261626557301,61.347984214191754,92.60620598932137,88.6597539271067,75.93051149113982,47.22200727385282
050404,15621.0,7.259458421355867,1.9396965623199538,5.319761859035913,92.74054157864413,45.36201267524486,43.345496447090454,4.033032456308815,88.56027142948595,65.74483067665322,87.75366493822419,88.99558286921452,85.87158312528007,44.32494718647974
050405,19561.0,6.374929707070191,1.4876540054189458,4.8872757016512445,93.6250702929298,57.088083431317415,35.16180154388835,1.3751853177240427,82.06635652573999,64.2349573130208,89.12121057205664,87.95051377741424,85.14902101119574,42.51827616175042
050501,29417.0,6.693408573273957,2.3047897474249583,4.388618825848999,93.30659142672604,35.10555121188428,52.59203861712615,5.609001597715607,84.47836285141244,74.92266376584968,94.48618145970018,91.13437808070164,79.23309650882143,55.64129584933882
050502,10520.0,11.283269961977187,3.46958174904943,7.813688212927756,88.71673003802282,44.039923954372625,40.94106463878327,3.73574144486692,78.39353612167301,67.45247148288973,82.66159695817491,88.57414448669202,77.42395437262357,47.50950570342205
050601,30920.0,30.342820181112547,7.134540750323415,23.208279430789133,69.65717981888746,57.68111254851229,11.623544631306597,0.352522639068564,64.49547218628719,58.48318240620957,78.69663648124191,68.36028460543338,61.746442432082794,17.852522639068564
050602,10364.0,18.873021999228097,3.4060208413739868,15.46700115785411,81.1269780007719,70.2720957159398,10.613662678502509,0.24121960632960246,78.73407950598225,39.41528367425705,74.01582400617522,83.75144731763798,73.59127749903512,22.80972597452721
050701,19189.0,11.089686799729012,3.4238365730366356,7.665850226692376,88.91031320027099,43.99916618896243,43.12887591849497,1.7822710928135912,80.03022565011204,62.09807702329459,89.16045651154307,86.2369065610506,80.56699150555005,57.79873886080567
050702,8567.0,11.159098867748337,3.069919458386833,8.089179409361503,88.84090113225166,53.68273608030816,34.13096766662776,1.0271973853157466,68.2269172405743,53.706081475428974,89.01599159565775,89.63464456635928,79.26928913271857,52.620520602311196
050801,42970.0,60.59111007679777,25.39911566208983,35.191994414707935,39.40888992320223,34.60786595299046,4.635792413311613,0.16523155690016292,33.811961833837564,51.885036071677916,36.430067488945774,28.147544798696764,48.41284617174773,19.785897137537816
050802,10724.0,80.66020141738157,35.44386422976501,45.21633718761656,19.339798582618425,16.29988810145468,2.8720626631853787,0.1678478179783663,16.094740768370013,55.995897053338304,78.10518463259977,6.462140992167102,38.21335322640806,12.821708317791868
050901,10961.0,42.89754584435727,19.37779399689809,23.519751847459172,57.10245415564273,46.48298512909406,10.345771371225252,0.2736976553234194,47.78761061946903,49.073989599489096,74.08995529604962,52.02992427698203,47.92445944713074,25.390019158835873
050902,951.0,33.543638275499475,5.257623554153523,28.286014721345953,66.45636172450052,56.67718191377497,9.56887486855941,0.2103049421661409,51.52471083070452,52.36593059936909,88.53838065194532,64.35331230283911,27.549947423764458,22.187171398527866
051001,2907.0,17.956656346749227,3.2679738562091503,14.688682490540076,82.04334365325077,63.70829033367733,17.578259373925007,0.7567939456484348,81.42414860681114,61.40350877192982,90.36807705538355,80.5641554867561,59.82112143102855,30.82215342277262
051002,1168.0,14.383561643835616,3.6815068493150687,10.702054794520548,85.61643835616438,61.81506849315068,23.458904109589042,0.3424657534246575,93.23630136986301,57.79109589041096,74.14383561643835,94.09246575342466,60.102739726027394,27.654109589041095
051003,2161.0,18.371124479407683,3.7019898195279963,14.669134659879685,81.62887552059232,61.86950485886164,18.64877371587228,1.1105969458583989,75.47431744562702,59.09301249421564,83.71124479407682,74.68764460897732,60.11105969458584,38.31559463211476
051101,21240.0,26.85969868173258,4.87758945386064,21.98210922787194,73.14030131826742,62.198681732580035,10.682674199623353,0.2589453860640301,55.645009416195855,45.25423728813559,77.6035781544256,75.21186440677967,67.83427495291902,23.983050847457626
051102,11478.0,32.976128245338906,7.1353894406691065,25.840738804669805,67.02387175466109,55.69785676947203,10.960097577975256,0.36591740721380034,48.21397456002788,53.09287332287855,76.31120404251612,60.21955044432828,61.37828890050532,25.55323227043039
051103,15517.0,6.412321969452858,0.824901720693433,5.587420248759425,93.58767803054714,53.747502738931495,37.803699168653736,2.0364761229619126,84.87465360572276,57.08577688986273,97.67996391054972,89.8756202874267,82.01327576206741,41.837984146420055
051201,28348.0,49.72484831381403,21.140821221955694,28.58402709185833,50.27515168618597,39.36080146747566,10.49809510371102,0.41625511499929446,29.952730351347537,57.98645407083392,77.68096514745308,26.305206716523212,37.8897982220968,29.783406236771555
051202,8625.0,23.002898550724638,4.336231884057971,18.666666666666668,76.99710144927536,56.46376811594203,19.756521739130434,0.7768115942028986,68.85797101449275,56.52173913043478,94.5623188405797,74.05217391304348,57.63478260869565,31.130434782608695
051203,10618.0,59.03183273686193,28.55528348088152,30.476549255980412,40.96816726313807,29.13919758899981,10.953098511960821,0.8758711621774345,22.377095498210586,65.36070823130532,37.62478809568657,22.989263514786213,48.83217178376342,22.650216613298173
051204,5701.0,24.78512541659358,6.4199263287142605,18.36519908787932,75.21487458340641,54.218558147693386,20.08419575513068,0.912120680582354,58.88440624451851,53.32397824942993,90.73846693562533,70.26837396947904,63.445009647430275,27.802139975442905
051301,4076.0,9.911678115799804,3.38567222767419,6.5260058881256136,90.0883218842002,51.815505397448476,36.57998037291462,1.692836113837095,75.76054955839058,66.70755642787046,86.13837095191364,89.94111874386654,79.61236506378803,51.47203140333661
051302,6027.0,17.272274763563964,4.513024722083956,12.759250041480007,82.72772523643604,59.664841546374646,22.399203583872573,0.663680106188817,67.44649079143852,63.331674133067864,90.2439024390244,83.77302140368343,68.72407499585199,31.9230131076821
051401,3904.0,33.99077868852459,9.118852459016393,24.871926229508198,66.00922131147541,54.63627049180328,11.34733606557377,0.025614754098360656,59.5030737704918,56.58299180327869,82.78688524590164,71.90061475409836,26.690573770491802,26.716188524590162
051402,1647.0,30.965391621129324,6.0109289617486334,24.95446265938069,69.03460837887067,54.40194292653309,14.329083181542197,0.3035822707953855,66.97024893746205,57.680631451123254,94.47480267152399,54.82695810564663,31.08682452944748,31.876138433515482
051501,42980.0,55.40018613308516,14.264774313634248,41.13541181945091,44.59981386691484,38.67380176826431,5.800372266170312,0.12563983248022337,26.072591903210796,60.26523964634714,34.60912052117264,20.14890646812471,52.59655653792461,26.53792461610051
051601,1618.0,28.43016069221261,3.584672435105068,24.84548825710754,71.56983930778739,60.7540173053152,10.754017305315204,0.06180469715698393,85.3522867737948,40.852904820766376,75.33992583436341,89.49320148331273,61.804697156983934,19.592088998763906
060101,197771.0,77.29596351335636,40.2698069990039,37.02615651435246,22.704036486643645,21.246289900946042,1.4344873616455396,0.023259224052060212,9.421502647000825,63.13969186584484,19.99180870805123,9.898822375373538,37.11009197506207,11.937038291761684
060201,17986.0,40.97631491159791,11.442232847770487,29.534082063827423,59.02368508840209,52.846658512176134,6.143667296786389,0.033359279439564106,33.464917157789394,56.99988880240187,54.09763149115979,69.12042699877682,76.70966307127766,11.01412209496275
060202,32726.0,70.38745951231436,27.913585528326102,42.47387398398827,29.61254048768563,27.62329646152906,1.9372975615718389,0.05194646458473385,14.352502597323229,68.25154311556561,21.294994805353543,10.361791847460735,53.605695777057996,11.232659047851861
060301,86784.0,65.57199483775811,22.279452433628318,43.29254240412979,34.42800516224189,31.069091076696164,3.275949483775811,0.08296460176991151,20.468058628318584,73.00193584070796,27.076419616519175,18.16924778761062,49.92049225663717,15.279314159292035
060302,13155.0,56.761687571265675,13.888255416191562,42.87343215507411,43.238312428734325,40.136830102622575,3.040668947168377,0.06081337894336754,22.531356898517675,70.08741923223108,28.339034587609273,53.22690992018244,59.22462941847206,10.383884454580008
060303,37405.0,56.58601791204384,19.508087154123782,37.077930757920065,43.41398208795616,39.82889987969523,3.550327496324021,0.03475471193690683,26.95896270552065,74.20130998529608,41.612083945996524,27.662077262398075,45.61422269750033,13.701376821280578
060401,14390.0,43.87769284225156,11.626129256428076,32.25156358582349,56.12230715774844,51.11883252258513,4.982626824183461,0.020847810979847115,20.7088255733148,58.01250868658791,52.61987491313412,57.387074357192496,73.98888116747742,13.683113273106324
060402,5088.0,31.092767295597483,4.22562893081761,26.867138364779873,68.90723270440252,60.79009433962264,7.959905660377358,0.15723270440251572,36.674528301886795,58.628144654088054,50.84512578616352,78.73427672955975,83.45125786163523,10.51493710691824
060501,23055.0,49.763608761656904,18.13055736282802,31.633051398828886,50.236391238343096,42.103665148557795,7.941878117545001,0.19084797224029496,24.39817826935589,57.562350900021684,48.436347863803945,45.612665365430495,67.61223162003904,15.489047928865755
060502,10866.0,40.02392784833425,6.61697036628014,33.40695748205411,59.97607215166575,53.110620283452974,6.662985459230628,0.20246640898214616,42.98729983434566,52.68728142830849,41.726486287502304,56.47892508742868,80.58163077489417,10.583471378612185
060601,20018.0,39.20971125986612,10.600459586372265,28.609251673493855,60.79028874013388,51.323808572284946,9.316615046458187,0.14986512139074834,26.611050054950546,68.30852232990308,50.014986512139075,65.8407433310021,70.14686781896293,16.96473174143271
070101,1399186.0,78.8723586428109,39.17813643075331,39.69422221205758,21.12764135718911,20.229404811083015,0.892804816514745,0.0054317295913481126,7.865787679407885,70.87892531800632,21.52086999155223,1.9940165210343728,26.494619014198257,17.343584055300724
070102,54280.0,57.581061164333086,16.389093588798822,41.191967575534264,42.418938835666914,39.454679439941046,2.9366249078850406,0.02763448784082535,14.613117170228445,82.7044952100221,48.45983787767133,16.12196020633751,48.43957258658806,19.668386145910095
070103,15135.0,47.37363726461843,23.11199207135778,24.261645193260655,52.62636273538157,44.05682193591014,8.29203832177073,0.27750247770069375,35.394780310538486,75.61942517343905,42.09448298645523,45.10075982821275,43.68681863230922,25.50379914106376
070104,87397.0,64.78597663535362,19.69403984118448,45.091936794169136,35.21402336464639,33.685366774603246,1.4931862649747702,0.03547032506836619,10.709749762577664,77.2749636715219,44.313878050734004,7.389269654564802,45.58623293705734,18.859915100060643
070105,48586.0,48.707446589552546,11.59799119087803,37.10945539867451,51.292553410447454,44.30494381097436,6.868233647552793,0.11937595192030626,22.512657967315686,78.74902235211789,51.05791791874202,27.47293459021117,59.61799695385502,21.84991561355123
070201,94025.0,56.687051316139325,18.10156873172029,38.58548258441904,43.312948683860675,39.90640787024727,3.3544270140919967,0.05211379952140388,20.22866258973677,82.65567668173358,45.231587343791546,10.831161925019941,46.24089337942036,21.860143578835416
070202,12066.0,45.135090336482676,12.937178849660203,32.19791148682248,54.864909663517324,51.9724846676612,2.8178352395159956,0.07458975634012929,38.98557931377424,85.06547323056523,48.99718216476048,19.22758163434444,49.83424498591082,20.785678766782695
070301,50621.0,32.456885482309715,9.130597973173188,23.326287509136524,67.54311451769028,57.51170462851386,9.901029217123329,0.1303806720531005,56.11900199521938,84.79682345271725,63.80751071689615,64.99674048319868,53.52126587779775,22.382015369115585
070302,11174.0,25.595131555396456,6.470377662430643,19.124753892965813,74.40486844460355,59.29837121890102,14.676928584213352,0.4295686414891713,63.960980848398066,82.69196348666547,83.99856810452837,75.28190442097727,58.671916950062645,12.018972614999106
070303,5583.0,28.515135231954147,5.606304854021135,22.90883037793301,71.48486476804585,59.914024717893604,11.391724879097259,0.17911517105498836,60.97080422711804,85.81407845244492,76.48217804048002,63.24556689951639,52.946444563854556,13.290345692280136
070401,12435.0,41.69682348210696,10.398069963811821,31.298753518295136,58.30317651789304,49.73864093285082,8.363490148773623,0.2010454362685967,43.031765178930435,80.17691998391636,43.38560514676317,45.540812223562526,58.99477281865702,18.58464012866908
070402,19557.0,39.264713401851,8.585161323311347,30.679552078539654,60.735286598149,50.483202945237,9.96574116684563,0.2863424860663701,32.78110139591962,81.7814593240272,56.81853044945544,32.77087487856011,53.566497929130236,29.094441887815105
070403,48734.0,33.49201789305208,7.4814298026018795,26.0105880904502,66.50798210694792,48.84064513481348,16.3602413099684,1.3070956621660443,36.59252267410842,80.42844831124061,63.645504165469696,37.4994870111216,55.932203389830505,31.275905938359255
070404,8131.0,47.16517033575206,17.14426269831509,30.02090763743697,52.83482966424794,43.254212274013035,9.433034067150412,0.14758332308449146,34.71897675562661,79.63350141434017,49.73557987947362,28.827942442503996,51.99852416676916,20.514081908744313
070501,21615.0,52.768910478834144,15.567892667129309,37.20101781170484,47.231089521165856,41.235253296322,5.935692805921813,0.060143418922044875,28.248901226000463,78.31135785334259,53.398103169095535,24.663428174878558,46.06060606060606,23.06268794818413
070502,36070.0,51.172719711671746,18.74410867757139,32.42861103410036,48.827280288328254,43.96451344607707,4.75187136124203,0.11089548100914888,13.83975602994178,75.91350152481286,32.21513723315775,24.643748267258108,55.46714721375104,31.97671194898808
070503,14588.0,61.159857417055115,23.149163696188648,38.01069372086646,38.840142582944885,34.38442555525089,4.318618042226488,0.13709898546750754,32.142857142857146,69.5708801754867,42.82972306004935,41.10227584315876,31.841239374828625,15.300246778173841
070601,17346.0,68.73630808255506,31.084976363426726,37.65133171912833,31.263691917444945,29.084515161997004,2.1445866482186093,0.03459010722933241,16.095929897382682,72.32791421653407,30.168338521849417,19.064914101233715,39.9688689034936,12.083477458780122
070602,18846.0,25.517351162050304,4.6959567016873605,20.821394460362942,74.4826488379497,58.64374403056352,15.4993101984506,0.33959460893558313,63.339700732250876,83.37578265945028,72.89079910856415,63.79603098800806,63.56255969436485,19.123421415685026
070603,5962.0,60.96947333109695,20.228111372022813,40.74136195907413,39.03052666890305,33.73029184837303,5.166051660516605,0.13418316001341832,27.89332438778933,74.87420328748742,48.44012076484401,18.097953706809797,41.96578329419658,21.10030191211003
070701,5062.0,26.293954958514423,6.914263137099961,19.37969182141446,73.70604504148558,61.43816673251679,12.01106282101936,0.2568154879494271,66.85104701698933,86.68510470169893,60.410904780719086,77.65705254839985,59.857763729751085,8.474911102331095
070702,30431.0,29.555387598172917,6.983010745621241,22.572376852551674,70.44461240182709,59.643127074364955,10.67332654201308,0.12815878544904866,55.910091682823435,81.06207485787519,57.59915875258782,70.38874831586212,56.66918602740626,18.10324997535408
070703,24771.0,28.977433288926566,5.817286342900973,23.160146946025595,71.02256671107344,63.513786282346295,7.4038189818739655,0.10496144685317509,31.61358039643131,73.71523152072989,44.2775826571394,39.02547333575552,69.52484760405312,36.55484235598078
070704,4761.0,41.52488972904852,12.161310649023314,29.363579080025204,58.47511027095148,46.58685150178534,10.438983406847301,1.4492753623188406,55.15647973114892,74.6901911363159,64.52425960932577,57.84499054820416,46.62885948330183,15.29090527200168
070705,11823.0,13.000084580901632,2.647382221094477,10.352702359807155,86.99991541909837,70.12602554343229,16.679353801911528,0.19453607375454623,77.83980377230822,90.18015732047704,74.92176266599002,91.15283768924976,57.64188446248837,18.878457244354223
070706,32762.0,70.52682986386668,33.563274525364754,36.963555338501926,29.473170136133326,26.860387033758624,2.5212136011232524,0.09156950125144984,23.75312862462609,65.38367621024358,28.98785177950064,13.448507417129601,30.724619986569806,16.253586472132348
070707,4881.0,38.98791231305061,10.469166154476541,28.518746158574064,61.01208768694939,51.956566277402175,9.055521409547223,0.0,51.259987707437,77.42265929112887,57.71358328211432,54.824830977258756,46.65027658266749,17.3120262241344
070801,16608.0,56.76180154142582,26.34874759152216,30.41305394990366,43.23819845857418,34.63391136801541,8.369460500963392,0.23482658959537572,35.440751445086704,57.72519267822736,37.415703275529864,37.38559730250482,50.481695568400774,20.441955684007706
070802,2067.0,54.86211901306241,17.706821480406386,37.15529753265602,45.13788098693759,40.78374455732946,4.354136429608127,0.0,40.78374455732946,57.23270440251572,49.92743105950653,54.184808901790035,47.21819061441703,12.385099177552007
070803,2742.0,38.074398249452955,11.706783369803064,26.367614879649892,61.925601750547045,52.00583515681984,9.919766593727207,0.0,68.45368344274253,56.965718453683444,52.11524434719183,68.34427425237054,69.25601750547045,14.77024070021882
070804,2284.0,39.404553415061294,17.469352014010507,21.935201401050787,60.595446584938706,40.36777583187391,19.439579684763572,0.7880910683012259,63.353765323992995,72.28546409807356,59.719789842381786,59.80735551663748,59.85113835376532,8.274956217162872
070805,2043.0,33.529123837493884,18.257464512971122,15.27165932452276,66.47087616250612,49.29025942241801,16.6421928536466,0.5384238864415076,72.83406754772393,66.86245717082721,68.23299069995105,70.04405286343612,60.89084679393049,21.292217327459618
070901,10087.0,49.885991870724695,14.721919302071974,35.16407256865272,50.114008129275305,41.360166551006245,8.595221572320808,0.15862000594825024,28.967978586299196,65.77773371666501,46.81272925547735,33.64726876177258,59.91870724695152,16.82363438088629
070902,9047.0,39.90273018680225,8.477948491212556,31.424781695589697,60.09726981319775,51.066651928816185,8.79849673925058,0.23212114513098264,26.37338344202498,68.00044213551453,59.82093511661324,31.40267491986294,68.43152426218636,25.931247927489775
070903,9951.0,50.577831373731286,13.847854486986233,36.72997688674505,49.422168626268714,43.352426891769674,5.949150839111647,0.12059089538739826,18.79208119786956,65.88282584664857,60.14470907446488,16.782232941412925,60.80795899909557,22.06813385589388
070904,2882.0,40.423317140874396,7.182512144344205,33.24080499653019,59.576682859125604,52.94934073560028,6.488549618320611,0.13879250520471895,46.53018736988203,72.83136710617627,60.82581540596808,43.44205412907703,58.18875780707842,10.270645385149201
071001,106019.0,69.27343212065762,27.471490959167696,41.80194116148992,30.726567879342383,28.747677303124913,1.9496505343381847,0.029240041879285788,14.550222129995566,76.10711287599392,32.67904809515276,6.801611031984833,39.41746290759203,17.410086871221196
071002,13776.0,37.77584204413473,10.024680603948896,27.75116144018583,62.22415795586527,55.48054587688734,6.583914053426248,0.15969802555168408,40.99883855981417,84.56010452961672,53.17218350754936,34.03745644599303,63.9808362369338,16.978803716608596
071003,22676.0,47.662727112365495,17.53395660610337,30.12877050626213,52.337272887634505,46.458811077791495,5.693243958370083,0.1852178514729229,29.996472040924324,84.12859410830835,52.12559534309402,19.641912153819014,53.078144293526194,20.656200388075497
071004,13672.0,42.949093036863665,8.740491515506143,34.20860152135752,57.050906963136335,51.79929783499122,5.090696313633704,0.16091281451141018,31.23171445289643,83.00906963136337,62.65359859566998,22.279110590988882,59.311000585137506,18.34406085430076
071005,15931.0,44.874772456217435,7.4320507187245,37.44272173749294,55.125227543782565,52.48885820099178,2.5861527838804848,0.05021655891030067,46.305944385161006,85.02291130500282,44.353775657523066,18.68683698449564,55.69016383152344,16.012805222522125
071101,18327.0,23.78458012768047,6.302177115730889,17.482403011949582,76.21541987231953,60.77917826158127,15.217984394609047,0.21825721612920826,66.15376220876303,84.23637256506794,75.89894690893217,66.21378294319857,56.68685545915862,20.57619905058111
071102,13305.0,27.51597143930853,6.418639609169485,21.097331830139044,72.48402856069147,59.984968057121385,12.348741074783916,0.1503194287861706,64.2239759488914,83.65276211950395,69.01164975573093,49.507703870725294,58.54190154077415,12.551672303645246
071103,45902.0,28.473704849461896,4.402858263256503,24.070846586205395,71.5262951505381,61.0104134896083,10.369918522068755,0.1459631388610518,50.886671604723105,82.76545684283909,61.57901616487299,45.906496448956474,58.28504204609821,28.478061958084616
071104,6436.0,17.184586699813547,1.6003729024238658,15.584213797389683,82.81541330018645,70.61839651957737,12.134866376631448,0.062150403977625855,62.632069608452454,85.42573026724673,95.26103169670603,85.61218147917961,52.19080174021131,18.567433188315725
071105,6909.0,32.53727022723983,7.8882616876537845,24.649008539586045,67.46272977276017,53.62570560138949,13.648863800839484,0.1881603705311912,52.00463163989,85.91691995947315,71.1969894340715,30.46750615139673,57.47575625995079,33.072803589520916
071106,21250.0,48.691764705882356,14.367058823529412,34.324705882352944,51.308235294117644,47.76,3.4541176470588235,0.09411764705882353,18.4,73.0070588235294,49.247058823529414,20.230588235294118,65.66588235294118,22.423529411764704
071201,13819.0,34.39467399956582,8.94420725088646,25.450466748679354,65.60532600043419,53.06462117374629,12.280193935885375,0.26051089080251827,58.11563788986179,78.95650915406324,71.85035096606121,53.13698531008033,48.06425935306462,23.43874375859324
071301,15648.0,38.88036809815951,10.640337423312884,28.240030674846626,61.11963190184049,46.47239263803681,14.129601226993865,0.5176380368098159,51.265337423312886,70.47546012269939,46.5810327198364,38.36912065439673,65.56748466257669,21.612985685071575
071302,7079.0,38.4376324339596,8.44752083627631,29.99011159768329,61.5623675660404,51.0382822432547,10.043791495974007,0.4802938268116966,42.011583556999575,77.68046334227998,68.48424918773838,25.596835711258652,61.5623675660404,27.984178556293262
071401,18240.0,64.3640350877193,19.86293859649123,44.50109649122807,35.6359649122807,33.344298245614034,2.2149122807017543,0.07675438596491228,24.654605263157894,77.09978070175438,48.68421052631579,22.93311403508772,31.107456140350877,15.06030701754386
071402,15543.0,65.16116579810847,22.312294923759893,42.848870874348584,34.83883420189153,32.406871260374444,2.412661648330438,0.019301293186643507,17.97593772116065,77.14726886701409,50.15119346329537,11.863861545390208,33.590683909155246,20.45293701344657
071403,6030.0,31.061359867330015,6.733001658374793,24.328358208955223,68.93864013266999,53.20066334991708,15.422885572139304,0.3150912106135987,54.16252072968491,79.98341625207297,71.575456053068,80.86235489220564,41.75787728026534,28.739635157545607
071501,25931.0,24.97782576838533,6.096949597007443,18.88087617137789,75.02217423161467,61.71377887470595,13.084724846708573,0.22367051020014656,54.09355597547337,84.9408044425591,77.56353399406116,42.728780224441785,51.251397940688754,36.71281477767923
071502,6757.0,15.154654432440433,1.8203344679591535,13.33431996448128,84.84534556755956,72.79857925114696,11.928370578659168,0.11839573775344088,75.61047802279118,87.83483794583395,83.01021163238123,67.50036998668048,50.377386414089095,32.10004439840166
071503,13779.0,15.356702228028158,2.9465128093475577,12.4101894186806,84.64329777197185,60.5849481094419,23.187459177008492,0.8708904855214457,78.53254953189636,78.92445025038101,76.5730459394731,70.38246607155817,64.89585601277307,21.46019304739096
080101,102098.0,61.65840662892515,27.240494426923153,34.417912202002,38.34159337107485,35.47767830907559,2.792415130560834,0.07149993143842191,44.41810809222512,83.19653666085526,43.85492370075809,9.627025015181493,25.727242453329154,16.981723442183
080102,5203.0,17.413030943686334,4.093792043052085,13.31923890063425,82.58696905631366,66.28867960791851,16.02921391504901,0.2690755333461465,73.16932538919853,88.56428983278877,82.3755525658274,74.74533922736883,59.60023063617144,26.100326734576207
080201,85876.0,41.29093110997252,15.42689459220271,25.864036517769808,58.70906889002748,50.1443942428618,8.378359495085938,0.1863151520797429,59.517210862173364,79.76384554473893,79.41101122548791,32.294238203921935,37.867390190507244,22.67571847780521
080202,39787.0,61.78651318269787,25.480684645738556,36.30582853695931,38.21348681730213,34.853092718727225,3.2925327368235857,0.06786136175132582,42.81046573001232,77.03269912282906,44.19031341895594,21.796064041018422,33.2168798853897,14.977253876894464
080301,12816.0,32.46722846441948,8.7312734082397,23.735955056179776,67.53277153558052,51.17821473158552,15.44943820224719,0.9051186017478152,68.60174781523096,80.48533083645444,75.81148564294632,62.484394506866415,42.30649188514357,20.848938826466917
080302,39519.0,26.572028644449507,6.832156684126622,19.739871960322883,73.4279713555505,43.39684708621169,24.405981932741213,5.625142336597586,72.3854348541208,82.76272172878869,72.57774741263695,55.907285103368,55.117791442091146,30.319593107113036
080303,9249.0,29.00854146394205,6.0006487187804085,23.00789274516164,70.99145853605795,60.07135906584496,10.293004649151259,0.6270948210617364,74.48372797059142,79.48967455941182,70.95902259703752,57.000756838577146,50.44869715644935,22.32673802573251
080304,18134.0,43.211646630638576,12.606154185507886,30.605492445130693,56.788353369361424,44.92114260505129,10.813940663946179,1.0532701003639573,58.530936362633724,80.20844821881549,48.61585971104004,38.105216719973534,38.72835557516268,22.0855850887835
080401,16504.0,47.54604944255938,14.420746485700436,33.125302956858945,52.45395055744062,42.050412021328164,8.96752302472128,1.436015511391178,60.14299563742123,80.91371788657295,53.03562772661173,38.74818225884634,47.16432380029084,16.65656810470189
080402,5971.0,10.684977390721823,1.2895662368112544,9.395411153910567,89.31502260927817,65.7511304639089,21.805392731535758,1.7584994138335288,83.3193769887791,87.32205660693351,90.2696365767878,90.88929827499581,58.18120917769218,30.162451850611287
080501,18597.0,26.773135451954616,5.457869548851965,21.315265903102652,73.22686454804538,55.66489218691187,15.497123191912674,2.064849169220842,78.60945313760284,83.44894337796418,79.1364198526644,63.94579770930795,56.02516534924988,21.589503683389793
080601,3700.0,18.486486486486488,4.648648648648648,13.837837837837839,81.51351351351352,53.75675675675676,25.16216216216216,2.5945945945945947,77.78378378378379,87.13513513513513,75.51351351351352,86.78378378378379,60.0,20.91891891891892
080602,11720.0,17.602389078498295,2.849829351535836,14.752559726962458,82.39761092150171,66.70648464163823,15.162116040955631,0.5290102389078498,84.60750853242321,85.23037542662117,77.53412969283276,73.75426621160409,56.9283276450512,18.506825938566553
080701,6493.0,36.408439858308945,10.087786847374096,26.32065301093485,63.591560141691055,54.82827660557523,8.578469120591405,0.1848144155244109,67.7344832896966,80.22485753888803,78.42291698752503,54.41244417064531,44.278453719390114,17.28014785153242
080702,4723.0,39.297056955325004,11.475756934152022,27.821300021172984,60.702943044674996,53.44060978191827,7.135295363116663,0.1270378996400593,65.14926953207707,70.61189921659962,74.78297692144824,57.823417319500315,45.62777895405463,12.259157315265721
080703,831.0,18.411552346570396,3.489771359807461,14.921780986762936,81.5884476534296,67.14801444043322,14.320096269554753,0.12033694344163658,80.14440433212997,76.05294825511432,73.28519855595668,85.43922984356198,60.770156438026476,22.623345367027678
080801,10944.0,35.90095029239766,10.188230994152047,25.712719298245613,64.09904970760233,57.41045321637427,6.652046783625731,0.03654970760233918,70.19371345029239,82.10891812865498,79.86111111111111,56.79824561403509,37.96600877192982,17.269736842105264
080802,5439.0,32.17503217503217,6.10406324692039,26.070968928111785,67.82496782496783,59.2020592020592,8.439051296194153,0.18385732671446958,72.62364405221548,70.49089906232763,87.20353006067292,65.96800882515168,44.9898878470307,15.149843721272292
080803,3989.0,22.486838806718477,4.763098520932565,17.72374028578591,77.51316119328152,70.56906492855352,6.919027325144146,0.025068939583855605,66.85886187014289,81.95036349962396,82.22612183504637,73.62747555778391,47.95688142391577,14.063675106542993
080901,3140.0,4.713375796178344,0.12738853503184713,4.585987261146497,95.28662420382166,60.095541401273884,26.910828025477706,8.280254777070065,96.0828025477707,88.78980891719745,97.10191082802548,98.31210191082802,75.38216560509554,36.05095541401274
090101,43189.0,69.10555928592929,29.746000138924263,39.35955914700502,30.89444071407071,28.85920025932529,2.016717219662414,0.018523235083007246,11.92201718030054,72.92366111741416,49.29727476903841,10.880085206881382,26.307624626641044,14.985297182152863
090102,7624.0,55.863064008394545,10.13903462749213,45.724029380902415,44.136935991605455,41.107030430220355,2.911857292759706,0.1180482686253935,7.686253934942288,75.78698845750262,65.63483735571879,35.91290661070304,41.52675760755509,16.933368310598112
090103,2032.0,24.163385826771652,3.986220472440945,20.177165354330707,75.83661417322834,66.48622047244095,9.005905511811024,0.34448818897637795,11.26968503937008,81.3484251968504,92.0767716535433,83.16929133858268,55.90551181102362,16.437007874015748
090104,3518.0,33.42808413871518,10.517339397384879,22.9107447413303,66.57191586128482,56.85048322910745,9.494030699260943,0.2274019329164298,9.266628766344514,76.29334849346219,82.00682205798749,63.95679363274588,55.23024445707789,19.499715747583853
090201,5501.0,29.267405926195238,4.071986911470642,25.195419014724596,70.73259407380476,61.752408652972186,8.852935829849118,0.12724959098345756,57.644064715506275,82.91219778222141,79.53099436466097,57.40774404653699,48.33666606071623,15.888020359934558
090202,2981.0,2.3146595102314658,0.06709158000670916,2.247567930224757,97.68534048976854,56.75947668567595,37.90674270379068,3.0191211003019123,91.14391143911439,95.06876886950688,97.8530694397853,98.12143575981214,56.92720563569272,38.87957061388796
090203,5456.0,20.436217008797655,1.6678885630498534,18.7683284457478,79.56378299120234,67.85190615835778,10.832111436950147,0.8797653958944281,19.95967741935484,82.01979472140762,87.8482404692082,81.90982404692082,58.87096774193548,21.480938416422287
090301,7524.0,16.666666666666668,2.4587985114300905,14.207868155236577,83.33333333333333,71.33173843700159,12.001594896331738,0.0,86.76236044657097,93.48750664540138,82.12387028176502,87.22753854332802,40.35087719298246,13.822434875066454
090302,7051.0,13.331442348603035,1.9997163522904553,11.33172599631258,86.66855765139697,70.85519784427741,15.331158700893491,0.4822011062260672,78.05984966671394,89.76031768543469,93.78811516097008,87.59041270741739,56.346617501063676,16.63593816479932
090303,8033.0,2.9005352919208267,0.09958919457238889,2.800946097348438,97.09946470807917,44.81513755757501,48.32565666625171,3.9586704842524587,91.0618697871281,91.16145898170049,99.30287563799328,92.95406448400348,56.255446284078175,51.27598655545873
090401,2161.0,26.700601573345672,2.822767237390097,23.877834335955576,73.29939842665432,67.60758907913004,5.552984729291994,0.13882461823229986,26.793151318833875,80.42572882924571,78.38963442850532,78.38963442850532,55.576122165664046,8.51457658491439
090402,1616.0,13.304455445544555,1.3613861386138615,11.943069306930694,86.69554455445545,66.89356435643565,17.945544554455445,1.8564356435643565,74.81435643564356,91.83168316831683,86.20049504950495,91.27475247524752,60.51980198019802,22.277227722772277
090501,1771.0,12.083568605307736,1.129305477131564,10.954263128176171,87.91643139469227,72.10615471485036,15.810276679841897,0.0,75.04234895539243,85.71428571428571,94.24054206662902,82.8910220214568,50.254093732354605,18.859401468097122
090502,2786.0,13.388370423546302,2.440775305096913,10.94759511844939,86.6116295764537,62.167982770997845,24.156496769562096,0.2871500358937545,70.78248384781048,86.97056712132088,89.62670495333812,85.57071069633884,55.2045944005743,28.0689160086145
090503,1963.0,5.298013245033113,0.6622516556291391,4.635761589403973,94.70198675496688,65.61385634233316,27.865511971472237,1.2226184411614875,81.60978094752929,86.29648497198166,86.39836984207845,95.31329597554763,60.51961283749363,37.28986245542537
