cod_ine,emigrantes,edad_prom_emigracion,pct_emi_argentina,pct_emi_brasil,pct_emi_chile,pct_emi_espana,pct_emi_eeuu,fallecidos,edad_prom_fallecimiento,emigrantes_x1000,tasa_mortalidad
010101,13154,26.617578307620384,51.15554204044397,5.08590542800669,8.757792306522731,25.216664132583244,1.4976433024175155,3314.0,58.67796610169491,50.278646291214045,
010102,1029,24.938247011952193,74.53838678328474,0.7774538386783285,4.373177842565598,15.937803692905733,0.38872691933916426,182.0,59.13559322033898,108.76228728464221,
010103,339,23.87460815047022,69.32153392330383,7.669616519174041,6.784660766961652,10.619469026548673,0.0,224.0,47.32804232804233,20.50568594241471,
010201,196,23.105263157894736,65.81632653061224,14.795918367346939,2.0408163265306123,11.73469387755102,0.0,113.0,55.650485436893206,18.400300413067967,
010202,358,23.25284090909091,69.27374301675978,8.938547486033519,5.027932960893855,10.893854748603353,0.0,189.0,50.78735632183908,25.103428932052452,
010301,384,24.116094986807386,68.75,6.25,3.6458333333333335,14.84375,0.0,151.0,55.75187969924812,33.79686674881183,
010302,157,23.181818181818183,45.22292993630573,24.840764331210192,7.643312101910828,12.738853503184714,0.0,164.0,44.13380281690141,12.676624949535729,
010303,404,22.77329974811083,60.396039603960396,17.821782178217823,4.207920792079208,12.128712871287128,0.7425742574257426,103.0,54.81,50.07436787307883,
010304,506,22.97983870967742,72.92490118577075,6.719367588932807,4.743083003952569,14.229249011857707,0.0,83.0,63.026666666666664,65.08875739644971,
010401,378,24.00268096514745,60.317460317460316,6.878306878306878,8.465608465608465,20.8994708994709,0.26455026455026454,117.0,59.95652173913044,36.40566310314938,
010402,502,22.051440329218106,54.9800796812749,32.669322709163346,1.593625498007968,8.764940239043824,0.0,110.0,53.92307692307692,59.10054155874735,
010403,189,24.47752808988764,58.2010582010582,6.349206349206349,7.936507936507937,20.105820105820104,0.5291005291005291,89.0,55.074074074074076,25.847921225382933,
010404,67,23.20967741935484,58.208955223880594,4.477611940298507,1.492537313432836,23.880597014925375,0.0,45.0,65.60975609756098,13.667890656874745,
010405,132,22.8,62.121212121212125,6.0606060606060606,5.303030303030303,21.96969696969697,0.7575757575757576,53.0,52.38461538461539,29.56326987681971,
010501,779,25.072655217965654,48.90885750962773,6.161745827984595,6.93196405648267,29.781771501925547,0.5134788189987163,239.0,56.242290748898675,32.05365592725178,
010502,226,25.154545454545456,55.309734513274336,1.7699115044247788,3.982300884955752,31.41592920353982,3.0973451327433628,93.0,52.264367816091955,27.069110073062642,
010601,936,23.156424581005588,70.51282051282051,8.012820512820513,3.6324786324786325,13.568376068376068,0.10683760683760683,205.0,55.216931216931215,55.240793201133144,
010602,881,23.960280373831775,75.14188422247446,3.1782065834279227,2.9511918274687856,12.599318955732123,0.0,146.0,59.884892086330936,87.13282563544654,
010701,1010,22.736263736263737,83.16831683168317,1.683168316831683,1.2871287128712872,7.7227722772277225,0.0,208.0,64.61578947368422,64.56149322423933,
010702,3217,23.117665816326532,92.88156667702829,0.9636307118433323,0.21759403170655892,1.1812247435498913,0.031084861672365557,381.0,53.220238095238095,98.92373923739237,
010703,352,22.764705882352942,93.75,0.2840909090909091,0.0,1.1363636363636365,0.0,113.0,47.04,26.96078431372549,
010704,618,21.2751677852349,92.07119741100324,0.32362459546925565,0.16181229773462782,0.4854368932038835,0.0,123.0,47.482142857142854,38.26625386996904,
010801,234,25.348017621145374,32.05128205128205,5.982905982905983,7.264957264957265,40.17094017094017,1.7094017094017093,143.0,62.789855072463766,20.965863273900187,
010901,323,24.151898734177216,91.0216718266254,0.6191950464396285,0.30959752321981426,3.4055727554179565,3.7151702786377707,27.0,64.88461538461539,91.9180421172453,
010902,1414,21.89557650471356,92.5035360678925,0.21216407355021216,0.0,1.5558698727015559,0.14144271570014144,184.0,59.68639053254438,79.74733517568102,
010903,209,27.360975609756096,85.64593301435407,2.3923444976076556,3.827751196172249,3.349282296650718,0.0,59.0,69.20689655172414,51.12524461839531,
011001,276,26.196296296296296,42.028985507246375,2.536231884057971,3.9855072463768115,41.666666666666664,1.4492753623188406,110.0,58.838095238095235,28.395061728395063,
011002,29,27.03448275862069,17.24137931034483,6.896551724137931,34.48275862068966,31.03448275862069,0.0,29.0,64.92592592592592,11.412829594647777,
011003,95,24.768421052631577,41.05263157894737,5.2631578947368425,6.315789473684211,31.57894736842105,3.1578947368421053,45.0,51.75,12.806686438393099,
020101,33571,27.759736114066822,27.58333085103214,18.10789073903071,7.9860593965029345,16.055524113073783,10.467367668523428,10828.0,60.36732001507727,43.79961068172448,
020102,741,22.470588235294116,41.02564102564103,45.209176788124154,1.6194331983805668,4.318488529014845,0.8097165991902834,305.0,50.15699658703072,44.579472987606785,
020103,583,24.385563380281692,22.29845626072041,43.910806174957116,3.4305317324185247,6.518010291595197,8.919382504288164,260.0,53.366533864541836,36.81950233674372,
020104,1048,23.10603112840467,33.778625954198475,38.54961832061068,7.729007633587786,4.675572519083969,3.3396946564885495,428.0,49.37590361445783,46.72105568186884,
020105,42021,24.36429696015502,41.907617619761545,37.86916065776636,6.399181361700102,5.82327883677209,0.8876514123890435,12789.0,51.527908707516744,49.5266673895518,
020201,2679,22.83933308071239,37.99925345278089,53.26614408361329,1.4184397163120568,1.3064576334453155,0.07465472191116088,847.0,53.42236842105263,58.165790959225326,
020202,872,22.87354988399072,43.57798165137615,45.98623853211009,1.9495412844036697,1.0321100917431192,0.22935779816513763,329.0,47.79530201342282,66.38246041412911,
020203,760,24.628,56.578947368421055,32.36842105263158,1.1842105263157894,3.1578947368421053,0.13157894736842105,209.0,62.23076923076923,95.62154001006543,
020204,410,23.982233502538072,57.31707317073171,29.51219512195122,2.1951219512195124,3.4146341463414633,0.4878048780487805,198.0,64.21808510638297,47.88600794206961,
020205,67,26.848484848484848,61.19402985074627,14.925373134328359,0.0,7.462686567164179,0.0,98.0,55.550561797752806,17.06137000254647,
020206,244,23.43103448275862,51.22950819672131,29.918032786885245,1.639344262295082,9.01639344262295,1.2295081967213115,142.0,59.43609022556391,48.77073755746552,
020301,476,23.9244060475162,47.47899159663866,35.924369747899156,4.831932773109243,2.73109243697479,0.8403361344537815,231.0,55.38,44.70742932281394,
020302,589,24.155979202772965,39.38879456706282,44.821731748726656,3.565365025466893,3.225806451612903,0.3395585738539898,229.0,59.95774647887324,40.10349288486417,
020303,516,23.45686274509804,43.02325581395349,36.627906976744185,11.627906976744185,2.3255813953488373,0.7751937984496124,214.0,60.995049504950494,52.23200728818706,
020304,291,22.148409893992934,35.05154639175258,56.3573883161512,1.0309278350515463,2.7491408934707904,0.3436426116838488,55.0,56.25925925925926,75.0,
020305,220,25.077272727272728,23.636363636363637,28.181818181818183,38.63636363636363,2.272727272727273,0.0,88.0,59.90588235294118,67.77572396796057,
020306,37,20.62162162162162,35.13513513513514,54.054054054054056,10.81081081081081,0.0,0.0,32.0,47.516129032258064,7.299270072992701,
020307,16,23.866666666666667,56.25,25.0,0.0,0.0,0.0,19.0,57.166666666666664,25.848142164781905,
020308,445,23.76027397260274,37.07865168539326,37.752808988764045,10.561797752808989,3.8202247191011236,0.449438202247191,157.0,56.85034013605442,61.05089861435039,
020401,664,23.998461538461537,42.16867469879518,43.524096385542165,4.518072289156627,2.4096385542168677,0.6024096385542169,305.0,60.39930555555556,58.81310894596989,
020402,660,23.19083969465649,35.303030303030305,52.57575757575758,3.1818181818181817,2.272727272727273,0.45454545454545453,328.0,54.888888888888886,42.13214171720396,
020403,579,24.319787985865723,37.99654576856649,39.89637305699482,3.1088082901554404,7.253886010362694,1.5544041450777202,260.0,58.26171875,39.687435739255605,
020404,252,23.025,23.015873015873016,58.73015873015873,2.7777777777777777,0.3968253968253968,0.0,107.0,45.22826086956522,47.1733433171097,
020405,636,23.0414673046252,65.72327044025157,26.572327044025158,1.10062893081761,1.10062893081761,0.15723270440251572,221.0,55.96296296296296,88.50542721959366,
020501,467,22.604856512141282,41.54175588865096,42.82655246252676,1.0706638115631693,2.9978586723768736,2.9978586723768736,243.0,49.37668161434978,40.70426218077225,
020502,151,24.08609271523179,47.019867549668874,33.77483443708609,3.3112582781456954,4.635761589403973,2.6490066225165565,150.0,49.22222222222222,17.954815695600477,
020503,78,25.30263157894737,17.94871794871795,58.97435897435897,3.8461538461538463,6.410256410256411,6.410256410256411,93.0,45.72093023255814,14.194722474977253,
020601,620,23.704918032786885,34.83870967741935,37.903225806451616,4.354838709677419,8.870967741935484,3.064516129032258,461.0,52.495370370370374,26.36951343994556,
020602,439,23.990610328638496,30.068337129840547,33.712984054669704,4.555808656036446,17.312072892938495,1.366742596810934,217.0,47.04347826086956,29.68623208006492,
020603,134,24.924242424242426,38.80597014925373,19.402985074626866,3.7313432835820897,23.880597014925375,2.2388059701492535,136.0,50.96124031007752,16.377413835248106,
020604,87,24.865853658536587,34.48275862068966,40.229885057471265,2.2988505747126435,9.195402298850574,4.597701149425287,85.0,47.5875,32.41430700447094,
020605,96,24.520833333333332,47.916666666666664,36.458333333333336,4.166666666666667,3.125,0.0,54.0,58.75925925925926,25.730367193781827,
020606,346,25.071641791044776,26.30057803468208,20.809248554913296,6.069364161849711,34.104046242774565,1.7341040462427746,194.0,41.55865921787709,34.651977966950426,
020607,225,23.13063063063063,33.77777777777778,30.666666666666668,7.111111111111111,20.0,2.6666666666666665,206.0,46.186868686868685,16.197537974227917,
020608,284,23.772563176895307,24.295774647887324,42.95774647887324,8.80281690140845,14.788732394366198,0.704225352112676,128.0,41.295081967213115,30.37758048989197,
020701,543,22.77126654064272,27.25598526703499,34.43830570902394,6.998158379373849,13.443830570902394,1.8416206261510129,237.0,45.19650655021834,26.738231238920623,
020702,124,22.386554621848738,33.87096774193548,46.774193548387096,1.6129032258064515,6.451612903225806,1.6129032258064515,107.0,46.57425742574257,18.289085545722713,
020801,3282,23.990043559427505,37.14198659354052,43.26630103595369,6.459475929311395,4.539914686166972,0.6703229737964655,1400.0,53.696005917159766,40.657053664337745,
020802,662,23.850234009360374,40.63444108761329,49.39577039274924,1.5105740181268883,3.9274924471299095,0.9063444108761329,211.0,64.0048076923077,90.95905468535312,
020803,572,23.530864197530864,38.11188811188811,45.45454545454545,1.9230769230769231,2.6223776223776225,2.972027972027972,246.0,52.936974789915965,46.92755763393223,
020804,286,25.09252669039146,53.84615384615385,26.223776223776223,1.7482517482517483,4.545454545454546,0.0,132.0,58.176923076923075,40.9331615858022,
020805,307,24.2327868852459,42.34527687296417,41.693811074918564,2.2801302931596092,3.9087947882736156,0.0,123.0,63.26890756302521,49.959316517493896,
020806,693,23.154848046309695,48.1962481962482,39.24963924963925,2.3088023088023086,1.2987012987012987,0.4329004329004329,240.0,58.702127659574465,46.08019150209456,
020807,459,24.95374449339207,59.47712418300654,33.11546840958606,0.8714596949891068,1.0893246187363834,0.0,141.0,63.801418439716315,69.51385733757382,
020901,992,23.017241379310345,28.830645161290324,59.67741935483871,1.7137096774193548,6.048387096774194,0.3024193548387097,197.0,51.26063829787234,89.05646826465572,
020902,925,22.220153340635267,34.270270270270274,54.054054054054056,2.7027027027027026,2.810810810810811,0.43243243243243246,203.0,51.31016042780749,74.09484139698814,
020903,338,22.483483483483482,25.14792899408284,47.0414201183432,7.100591715976331,10.355029585798816,0.8875739644970414,122.0,56.23478260869565,46.206425153793575,
020904,78,22.986842105263158,20.512820512820515,57.69230769230769,12.820512820512821,1.2820512820512822,0.0,72.0,48.417910447761194,15.057915057915057,
020905,591,21.959114139693355,17.089678510998308,69.54314720812182,4.568527918781726,2.030456852791878,0.338409475465313,154.0,44.939189189189186,52.04755614266843,
021001,748,22.537414965986393,43.98395721925134,31.149732620320854,4.278074866310161,11.497326203208557,1.8716577540106951,195.0,51.983783783783785,50.825575864646325,
021002,460,23.599118942731277,47.391304347826086,30.217391304347824,3.0434782608695654,12.391304347826088,2.608695652173913,235.0,50.99126637554585,55.64964916525526,
021003,516,23.976284584980238,36.627906976744185,37.5968992248062,4.069767441860465,15.891472868217054,1.550387596899225,191.0,49.380434782608695,49.34021801491681,
021004,343,23.106508875739646,41.10787172011662,27.696793002915452,9.037900874635568,14.868804664723031,0.2915451895043732,277.0,49.258555133079845,17.48216106014271,
021005,263,22.38167938931298,31.93916349809886,46.00760456273764,4.182509505703422,12.167300380228136,0.7604562737642585,110.0,52.691588785046726,33.23644635410085,
021006,55,23.381818181818183,58.18181818181818,18.181818181818183,1.8181818181818181,16.363636363636363,3.6363636363636362,41.0,52.8780487804878,10.021865889212828,
021101,672,24.19225037257824,36.607142857142854,34.82142857142857,2.8273809523809526,11.904761904761905,3.7202380952380953,318.0,55.501597444089455,37.7040902205016,
021102,967,23.207112970711297,39.917269906928645,42.1923474663909,2.5853154084798344,7.238883143743537,1.1375387797311272,280.0,56.161048689138575,55.97360500115767,
021103,154,25.76510067114094,33.76623376623377,32.467532467532465,2.5974025974025974,11.688311688311689,3.896103896103896,118.0,55.68421052631579,23.98753894080997,
021104,852,22.779761904761905,27.464788732394368,40.96244131455399,14.671361502347418,8.215962441314554,0.4694835680751174,372.0,41.4080459770115,34.45068941813918,
021105,751,22.074866310160427,39.54727030625832,41.81091877496671,3.9946737683089215,6.391478029294274,1.0652463382157125,520.0,40.26734693877551,18.69182139479317,
021201,1222,23.11195286195286,49.91816693944354,36.57937806873977,2.0458265139116203,1.718494271685761,0.900163666121113,546.0,48.04466019417476,40.565661930686495,
021202,691,23.977777777777778,51.230101302460206,35.31114327062229,3.4732272069464543,1.8813314037626627,0.723589001447178,345.0,53.81039755351682,28.168439933145816,
021203,1098,22.48938134810711,44.1712204007286,47.17668488160292,1.2750455373406193,2.459016393442623,0.18214936247723132,320.0,57.73529411764706,63.00929645357512,
021204,421,23.937046004842614,45.13064133016627,42.042755344418055,1.4251781472684086,2.6128266033254155,0.4750593824228028,143.0,57.81617647058823,64.78916589719914,
021301,1297,23.141627543035995,42.40555127216654,36.160370084811106,4.703161141094834,9.329221279876638,0.3084040092521203,454.0,54.52857142857143,41.42181911088401,
021302,596,23.066101694915254,35.57046979865772,45.13422818791946,5.87248322147651,5.704697986577181,1.0067114093959733,239.0,63.031531531531535,66.94372683365158,
021303,500,22.473577235772357,46.0,42.8,3.6,2.8,1.0,138.0,55.056,64.11900487304437,
021304,769,22.714663143989434,15.99479843953186,73.08192457737321,1.9505851755526658,1.1703511053315996,0.0,233.0,52.81132075471698,61.95118021429147,
021305,1175,23.325881341358556,37.87234042553192,36.42553191489362,14.46808510638298,4.9361702127659575,0.1702127659574468,425.0,52.53213367609254,51.404322337912326,
021306,440,21.77156177156177,18.863636363636363,67.27272727272727,2.9545454545454546,4.318181818181818,0.0,166.0,53.83098591549296,44.53892094341533,
021307,276,22.94756554307116,12.681159420289855,70.28985507246377,3.260869565217391,2.898550724637681,0.0,66.0,63.57377049180328,54.74018246727489,
021401,891,24.43793103448276,27.384960718294053,38.15937149270483,8.754208754208754,10.1010101010101,4.1526374859708195,386.0,57.84,45.93493839253493,
021402,681,22.77307110438729,27.312775330396477,53.59765051395007,1.3215859030837005,7.782672540381792,0.7342143906020558,271.0,53.43579766536965,40.22445363260484,
021501,158,23.16025641025641,31.645569620253166,13.924050632911392,16.455696202531644,19.620253164556964,1.8987341772151898,96.0,42.204819277108435,16.876735740226447,
021502,315,25.624183006535947,22.857142857142858,13.968253968253968,16.50793650793651,25.396825396825395,1.5873015873015872,94.0,41.45569620253165,36.161175525198026,
021601,239,23.27426160337553,32.63598326359833,43.93305439330544,2.092050209205021,4.184100418410042,6.2761506276150625,142.0,54.07299270072993,18.352146202871843,
021602,25,23.28,56.0,12.0,0.0,4.0,0.0,34.0,53.03333333333333,7.610350076103501,
021701,911,22.744107744107744,27.442371020856204,49.066959385290886,2.854006586169045,6.586169045005488,0.6586169045005489,361.0,59.132716049382715,61.013997722858484,
021702,516,24.762278978389,49.8062015503876,37.7906976744186,1.550387596899225,1.937984496124031,0.5813953488372093,201.0,61.03045685279188,85.261070720423,
021703,49,24.04255319148936,34.69387755102041,36.734693877551024,4.081632653061225,6.122448979591836,2.0408163265306123,59.0,54.588235294117645,7.82622584251717,
021801,474,23.474945533769063,22.78481012658228,17.72151898734177,42.40506329113924,4.852320675105485,0.2109704641350211,127.0,58.10434782608696,53.51095055317227,
021802,331,23.79268292682927,24.169184290030213,15.407854984894259,44.41087613293051,7.552870090634441,0.0,134.0,65.91803278688525,47.26545766100243,
021803,115,22.46788990825688,46.95652173913044,26.956521739130434,14.782608695652174,4.3478260869565215,0.0,54.0,49.0625,57.38522954091816,
021901,356,25.1699716713881,56.46067415730337,23.314606741573034,7.022471910112359,2.808988764044944,0.8426966292134831,119.0,64.41441441441441,77.50925321140866,
021902,29,23.137931034482758,31.03448275862069,24.137931034482758,6.896551724137931,3.4482758620689653,0.0,23.0,64.91304347826087,10.065949323151683,
022001,1827,23.781545302946082,31.472359058565957,39.08045977011494,8.70279146141215,10.016420361247947,0.60207991242474,728.0,47.210834553440705,36.30041724617524,
022002,295,23.501730103806228,37.28813559322034,33.220338983050844,11.864406779661017,9.152542372881356,0.3389830508474576,151.0,44.04195804195804,26.35340360907629,
030101,37498,27.849913790744136,22.635873913275375,6.707024374633313,5.456291002186783,38.54605578964211,10.387220651768095,8145.0,58.60759816420194,59.33105806367907,
030201,1360,24.595665171898357,39.338235294117645,4.411764705882353,1.7647058823529411,42.279411764705884,0.8088235294117647,308.0,54.65277777777778,58.45188464348648,
030202,165,25.515337423312882,28.484848484848484,9.090909090909092,1.2121212121212122,46.666666666666664,2.4242424242424243,50.0,58.71739130434783,24.077046548956663,
030203,375,23.16260162601626,32.8,2.933333333333333,1.3333333333333333,49.333333333333336,5.066666666666666,66.0,50.625,66.45401382243487,
030301,804,23.16582278481013,38.930348258706466,12.935323383084578,2.2388059701492535,37.06467661691542,0.4975124378109453,292.0,48.29770992366412,33.98427593203145,
030302,575,23.71708185053381,44.0,8.521739130434783,2.4347826086956523,34.78260869565217,0.34782608695652173,270.0,48.46153846153846,44.932406032663906,
030303,704,23.26657060518732,38.77840909090909,10.085227272727273,6.107954545454546,33.23863636363637,0.42613636363636365,274.0,41.9,38.94666961717194,
030401,879,25.93953488372093,42.093287827076225,0.9101251422070534,0.4550625711035267,28.555176336746303,21.956769055745166,152.0,55.232394366197184,106.64887163309876,
030402,412,24.582716049382714,55.8252427184466,8.009708737864077,2.4271844660194173,23.54368932038835,1.2135922330097086,121.0,58.58181818181818,57.28587319243604,
030403,1803,27.341575618171362,40.210759844703276,2.8286189683860234,1.4420410427066002,19.52301719356628,30.948419301164726,330.0,55.88562091503268,103.35339638865004,
030404,426,23.94510739856802,55.63380281690141,12.910798122065728,1.1737089201877935,22.065727699530516,1.408450704225352,60.0,51.21052631578947,97.57214841960605,
030501,1022,25.01691542288557,60.66536203522505,2.0547945205479454,1.9569471624266144,23.483365949119374,4.2074363992172215,145.0,54.330935251798564,107.53367003367003,
030502,786,23.775032509752926,60.94147582697201,12.72264631043257,4.071246819338422,13.867684478371501,1.1450381679389312,134.0,50.85123966942149,87.91946308724832,
030601,222,24.575342465753426,48.1981981981982,18.46846846846847,2.7027027027027026,24.324324324324323,0.9009009009009009,162.0,41.0,20.94932528073983,
030602,240,23.367521367521366,49.583333333333336,12.5,3.3333333333333335,24.583333333333332,0.4166666666666667,125.0,53.89473684210526,23.40778308787672,
030701,1306,24.5266507557677,50.22970903522205,6.355283307810107,2.8330781010719757,31.31699846860643,1.454823889739663,326.0,53.21554770318021,67.05344765620988,
030702,1033,26.380903490759753,23.23330106485963,0.6776379477250726,0.8712487899322362,62.43949661181026,2.323330106485963,109.0,60.786407766990294,158.2656656963383,
030703,142,23.202898550724637,58.45070422535211,11.971830985915492,0.0,19.718309859154928,0.704225352112676,59.0,44.6,37.967914438502675,
030801,2445,26.845738045738045,47.93456032719836,2.044989775051125,1.1042944785276074,27.36196319018405,11.697341513292434,340.0,64.07643312101911,111.64893374126673,
030802,536,24.735294117647058,64.55223880597015,1.3059701492537314,0.746268656716418,23.134328358208954,1.6791044776119404,111.0,59.48543689320388,75.95295451324925,
030803,808,26.83691529709229,34.65346534653465,1.2376237623762376,2.3514851485148514,27.97029702970297,28.217821782178216,71.0,58.1875,145.79574160952725,
030901,7609,27.1738954195379,30.64791694046524,4.9415166250492835,5.795768169273229,41.55605204363254,3.062163227756604,1751.0,58.676434676434674,55.46646061436632,
030902,2142,24.879276637341153,46.82539682539682,4.341736694677871,5.135387488328665,30.99906629318394,1.727357609710551,621.0,52.419469026548676,51.526304394890666,
030903,2772,27.072517664559317,24.42279942279942,6.565656565656566,6.457431457431458,39.06926406926407,6.782106782106782,605.0,57.70961887477314,51.42475512021371,
030904,2271,25.94600725952813,34.56627036547776,8.718626155878468,4.84368119771026,38.88154997798327,1.3650374284456186,658.0,55.54844006568145,43.69996921182266,
030905,2740,28.128776435045317,27.956204379562045,4.525547445255475,5.364963503649635,41.934306569343065,5.401459854014599,573.0,60.172541743970314,52.7024427774572,
031001,10006,26.72319048595448,29.172496502098742,5.886468119128523,3.867679392364581,41.954827103737756,5.986408155106936,2197.0,53.72178606476938,58.01723238203472,
031002,1157,23.657963446475197,65.8599827139153,5.012964563526361,1.6421780466724287,17.63180639585134,0.5185825410544511,321.0,45.72508591065292,59.994814622763805,
031003,2647,23.988086087624904,44.65432565168115,10.313562523611635,2.5311673592746504,29.240649792217607,1.4355874574990555,1306.0,40.57142857142857,37.08009973944471,
031101,579,23.231985940246044,44.386873920552674,19.689119170984455,6.563039723661485,19.17098445595855,0.8635578583765112,352.0,49.244897959183675,23.512690355329948,
031201,616,23.730263157894736,51.298701298701296,13.7987012987013,1.6233766233766234,21.266233766233768,3.896103896103896,208.0,47.652849740932645,42.004773269689736,
031202,526,22.058139534883722,40.3041825095057,30.79847908745247,1.520912547528517,16.539923954372625,0.7604562737642585,129.0,49.14035087719298,51.79204411185506,
031203,946,23.337323177366702,54.0169133192389,11.945031712473574,1.3742071881606766,24.101479915433405,2.1141649048625792,161.0,51.70469798657718,88.0,
031204,760,24.780026990553306,40.26315789473684,8.289473684210526,3.6842105263157894,33.81578947368421,2.236842105263158,310.0,43.215328467153284,34.96503496503497,
031205,1664,24.19378427787934,42.60817307692308,9.795673076923077,3.3052884615384617,31.790865384615383,0.8413461538461539,873.0,43.731770833333336,35.687477212773715,
031206,1109,23.23599632690542,41.11812443642921,12.714156898106403,4.779080252479711,26.690712353471596,1.7132551848512174,601.0,39.39382940108893,35.15055467511886,
031301,1141,24.24954954954955,40.49079754601227,4.732690622261174,2.716914986853637,42.857142857142854,1.8404907975460123,285.0,52.24324324324324,57.4405960531615,
031302,126,25.838709677419356,66.66666666666667,9.523809523809524,0.7936507936507936,16.666666666666668,1.5873015873015872,80.0,47.55882352941177,23.081150393845025,
031303,165,23.654545454545456,72.72727272727273,6.666666666666667,1.2121212121212122,13.93939393939394,0.0,41.0,61.078947368421055,47.86771105308964,
031304,50,22.24,44.0,6.0,4.0,30.0,2.0,52.0,28.486486486486488,7.106310403638431,
031401,3622,25.808991901703436,63.50082827167311,2.9265599116510215,0.3865267807840972,22.915516289342904,2.1258972943125345,497.0,60.72649572649573,125.3851213348565,
031402,797,23.879487179487178,76.28607277289836,2.5094102885821834,0.7528230865746549,11.79422835633626,1.3801756587202008,122.0,58.38317757009346,97.97172710510141,
031403,1674,26.37052759248029,49.1636798088411,3.106332138590203,0.35842293906810035,35.78255675029869,4.301075268817204,215.0,60.517587939698494,123.43312195841321,
031404,57,25.98181818181818,71.9298245614035,3.508771929824561,0.0,22.80701754385965,0.0,26.0,67.4090909090909,43.745203376822715,
031405,137,25.335766423357665,75.91240875912409,1.4598540145985401,0.0,13.86861313868613,2.18978102189781,31.0,66.1,49.494219653179194,
031501,135,22.48872180451128,58.51851851851852,18.51851851851852,2.2222222222222223,10.37037037037037,0.7407407407407407,146.0,41.73015873015873,18.546503640609973,
031601,2261,23.38255338482508,53.029632905793896,23.617868199911545,1.3710747456877488,14.816452896948253,0.8845643520566121,291.0,48.671875,106.49521925486317,
031602,747,24.512228260869566,46.85408299866131,7.095046854082999,1.8741633199464525,31.325301204819276,1.2048192771084338,360.0,43.84592145015106,35.84280984597668,
040101,9269,26.562244107557817,40.532959326788216,8.479879167116193,17.218685942388607,17.14316539000971,2.707951235300464,3935.0,57.75237562884293,34.984883540988065,
040102,510,24.953629032258064,40.3921568627451,19.80392156862745,17.45098039215686,12.745098039215685,0.5882352941176471,357.0,49.12615384615385,22.063595068137573,
040103,232,26.404545454545456,59.05172413793103,18.96551724137931,3.4482758620689653,8.189655172413794,2.1551724137931036,139.0,61.03174603174603,26.59025787965616,
040104,296,23.89547038327526,55.74324324324324,9.121621621621621,8.445945945945946,15.202702702702704,0.0,158.0,52.93197278911565,23.04219212206134,
040201,1011,23.288911495422177,59.14935707220574,8.506429277942631,12.166172106824925,9.198813056379821,0.6923837784371909,572.0,49.00772200772201,34.96092399197732,
040202,148,24.43448275862069,41.891891891891895,25.0,10.135135135135135,13.513513513513514,0.0,91.0,63.47126436781609,36.5341890891138,
040301,540,25.3125,51.111111111111114,14.814814814814815,14.814814814814815,8.333333333333334,0.9259259259259259,164.0,64.10967741935484,58.56197809348227,
040302,95,22.66304347826087,24.210526315789473,33.68421052631579,17.894736842105264,7.368421052631579,0.0,29.0,48.03703703703704,51.351351351351354,
040401,424,23.821951219512194,8.254716981132075,6.132075471698113,71.4622641509434,5.4245283018867925,0.9433962264150944,101.0,62.5,101.33843212237093,
040402,304,22.681506849315067,23.355263157894736,8.881578947368421,52.96052631578947,3.289473684210526,0.0,73.0,56.92857142857143,58.38294603418475,
040501,68,27.0,54.411764705882355,0.0,22.058823529411764,11.764705882352942,0.0,10.0,65.2,67.79661016949153,
040502,66,24.123076923076923,50.0,4.545454545454546,12.121212121212121,25.757575757575758,0.0,57.0,59.395833333333336,15.628699976320151,
040503,9,24.77777777777778,33.333333333333336,0.0,0.0,44.44444444444444,0.0,32.0,67.06451612903226,4.575495678698526,
040504,1,53.0,100.0,0.0,0.0,0.0,0.0,,,1.9455252918287937,
040505,25,26.0,56.0,4.0,16.0,4.0,12.0,17.0,63.76470588235294,9.25240562546262,
040601,371,27.643874643874643,61.455525606469,9.703504043126685,3.234501347708895,11.590296495956874,0.5390835579514824,227.0,58.45161290322581,48.89943324107025,
040602,244,25.066666666666666,52.459016393442624,12.295081967213115,8.19672131147541,18.852459016393443,0.0,102.0,57.48,40.973971452560875,
040603,77,23.441558441558442,41.55844155844156,6.4935064935064934,6.4935064935064934,19.48051948051948,0.0,56.0,57.319148936170215,23.590686274509803,
040701,327,25.8411214953271,33.944954128440365,10.397553516819572,7.339449541284404,33.333333333333336,1.2232415902140672,414.0,49.47849462365591,13.25120557604247,
040702,335,24.861538461538462,62.985074626865675,12.537313432835822,4.776119402985074,10.149253731343284,0.8955223880597015,107.0,60.271844660194176,69.50207468879668,
040801,303,24.909698996655518,36.96369636963696,9.570957095709572,21.782178217821784,18.151815181518153,1.6501650165016502,178.0,61.48809523809524,25.509345007577032,
040802,99,25.822916666666668,17.171717171717173,15.151515151515152,15.151515151515152,39.39393939393939,1.0101010101010102,43.0,67.65853658536585,33.29969727547931,
040901,157,24.337662337662337,29.936305732484076,3.1847133757961785,40.12738853503185,15.92356687898089,1.2738853503184713,101.0,61.035714285714285,19.580942878523324,
040902,54,26.703703703703702,12.962962962962964,3.7037037037037037,44.44444444444444,16.666666666666668,9.25925925925926,1.0,38.0,59.800664451827245,
040903,128,22.20472440944882,1.5625,0.0,92.1875,0.0,0.0,32.0,48.166666666666664,63.904143784323516,
041001,442,25.33410138248848,56.10859728506787,16.742081447963802,6.334841628959276,11.990950226244344,0.22624434389140272,210.0,64.05,43.551088777219434,
041101,218,24.921658986175114,41.28440366972477,20.18348623853211,8.256880733944953,18.807339449541285,3.2110091743119265,102.0,52.56122448979592,41.38978545661667,
041201,221,26.298578199052134,29.41176470588235,14.479638009049774,14.479638009049774,25.339366515837103,0.45248868778280543,74.0,58.5,42.36963190184049,
041202,85,24.120481927710845,43.529411764705884,9.411764705882353,31.764705882352942,8.235294117647058,0.0,27.0,60.458333333333336,42.16269841269841,
041301,320,24.0032154340836,12.1875,12.5,50.625,7.8125,0.0,122.0,66.42342342342343,57.855722292532995,
041401,353,26.178362573099417,61.18980169971671,9.06515580736544,5.09915014164306,15.297450424929178,0.28328611898017,235.0,57.17351598173516,26.575321839945797,
041501,25,23.833333333333332,12.0,0.0,84.0,4.0,0.0,8.0,47.5,49.115913555992144,
041502,27,23.85185185185185,25.925925925925927,11.11111111111111,37.03703703703704,14.814814814814815,0.0,6.0,68.33333333333333,37.13892709766162,
041503,3,16.666666666666668,0.0,0.0,0.0,0.0,0.0,,,3.5714285714285716,
041601,243,28.138655462184875,35.80246913580247,18.930041152263374,9.876543209876543,20.5761316872428,1.2345679012345678,130.0,64.136,44.16575790621592,
050101,7400,25.45190713101161,81.62162162162163,2.5405405405405403,3.2027027027027026,5.797297297297297,0.5540540540540541,2801.0,52.073989321128906,38.68229291904946,
050102,584,23.308098591549296,82.02054794520548,3.767123287671233,1.7123287671232876,3.767123287671233,0.0,436.0,38.858666666666664,21.470588235294116,
050103,600,25.105263157894736,80.0,5.0,0.6666666666666666,9.0,0.0,156.0,54.84507042253521,66.82258603407952,
050104,61,24.57377049180328,65.57377049180327,3.278688524590164,1.639344262295082,19.672131147540984,0.0,34.0,53.43333333333333,22.109459949256976,
050201,543,23.605214152700185,34.43830570902394,7.734806629834254,31.49171270718232,15.101289134438305,0.9208103130755064,357.0,43.507936507936506,24.659400544959126,
050202,217,24.87962962962963,43.31797235023041,19.81566820276498,9.67741935483871,20.276497695852534,0.4608294930875576,258.0,46.49777777777778,13.454026908053816,
050203,910,25.982002249718786,48.79120879120879,8.461538461538462,14.285714285714286,17.47252747252747,1.098901098901099,717.0,50.07834101382488,22.138964577656676,
050204,61,20.62295081967213,37.704918032786885,13.114754098360656,24.59016393442623,13.114754098360656,0.0,153.0,38.54615384615385,7.6069335328594585,
050301,3054,24.376474553420962,84.08644400785855,3.43811394891945,1.2442698100851342,4.2239685658153245,0.03274394237066143,462.0,51.47142857142857,90.03006898178174,
050302,1257,25.251618122977348,88.54415274463007,0.15910898965791567,0.07955449482895784,2.7844073190135243,0.07955449482895784,181.0,52.6242774566474,126.84157416750757,
050303,319,21.977346278317153,78.68338557993731,2.5078369905956115,1.567398119122257,6.896551724137931,0.0,194.0,46.57988165680474,26.953950147866497,
050401,272,22.966666666666665,68.75,4.779411764705882,2.2058823529411766,13.970588235294118,0.0,305.0,37.592592592592595,17.82437745740498,
050402,877,23.0271546635183,71.26567844925884,8.209806157354619,4.903078677309008,6.727480045610034,0.0,334.0,52.59581881533101,41.34257295054919,
050403,535,24.60268714011516,58.13084112149533,11.401869158878505,9.345794392523365,13.271028037383177,0.9345794392523364,438.0,47.97943444730077,20.319027725028484,
050404,391,23.380462724935732,63.171355498721226,11.253196930946292,4.092071611253197,11.508951406649617,0.0,266.0,39.456896551724135,24.25859287752823,
050405,1195,22.584183673469386,84.85355648535565,1.7573221757322175,1.3389121338912133,2.426778242677824,0.0,359.0,41.62738853503185,59.932795024825715,
050501,288,23.741935483870968,47.916666666666664,9.722222222222221,9.027777777777779,20.48611111111111,0.0,512.0,37.928395061728395,9.596161535385846,
050502,313,25.281967213114754,58.466453674121404,6.0702875399361025,4.15335463258786,21.08626198083067,0.9584664536741214,189.0,51.323699421965316,28.79484820607176,
050601,1701,23.173499702911467,88.06584362139918,1.7048794826572604,1.1757789535567313,1.7048794826572604,0.11757789535567313,366.0,60.51940298507463,53.48888399735857,
050602,1619,22.724683544303797,88.63495985176034,4.508956145768993,0.12353304508956146,1.4823965410747375,0.24706609017912293,132.0,62.46280991735537,152.07589705053542,
050701,196,23.188172043010752,41.83673469387755,12.244897959183673,12.244897959183673,16.3265306122449,2.0408163265306123,315.0,48.192622950819676,9.994390903064607,
050702,96,22.197916666666668,36.458333333333336,6.25,38.541666666666664,10.416666666666666,3.125,134.0,45.056603773584904,11.029411764705882,
050801,2559,24.72109654350417,83.3137944509574,1.4849550605705353,6.760453302071122,2.9308323563892147,0.5470887065259867,611.0,61.177304964539005,57.10269112330968,
050802,157,23.424836601307188,60.50955414012739,3.821656050955414,13.375796178343949,11.464968152866241,0.6369426751592356,132.0,56.14159292035398,13.97543172512017,
050901,357,23.948863636363637,12.88515406162465,0.5602240896358543,78.99159663865547,2.2408963585434174,0.8403361344537815,121.0,54.75238095238095,27.467877202431332,
050902,47,26.47826086956522,6.382978723404255,0.0,85.1063829787234,2.127659574468085,0.0,18.0,64.29411764705883,44.339622641509436,
051001,38,21.92105263157895,44.73684210526316,0.0,50.0,2.6315789473684212,0.0,34.0,58.34615384615385,11.272619400771285,
051002,35,25.0,100.0,0.0,0.0,0.0,0.0,7.0,61.333333333333336,29.661016949152543,
051003,72,21.939393939393938,98.61111111111111,0.0,0.0,0.0,0.0,17.0,68.64285714285714,31.523642732049037,
051101,2931,24.177615571776155,90.89048106448311,0.4094165813715456,0.23882633913340157,1.3988399863527807,0.0,348.0,63.0,133.73180636035954,
051102,1078,25.7311320754717,90.07421150278293,0.46382189239332094,0.09276437847866419,1.8552875695732838,0.09276437847866419,178.0,57.432748538011694,89.33454876937101,
051103,874,22.860302677532015,86.15560640732265,1.8306636155606408,1.2585812356979404,2.1739130434782608,0.0,244.0,46.9622641509434,55.274475082216036,
051201,1146,25.38550983899821,21.81500872600349,2.356020942408377,60.38394415357766,6.719022687609075,0.4363001745200698,423.0,57.45187165775401,38.62227015368024,
051202,356,25.28985507246377,52.80898876404494,4.775280898876405,24.15730337078652,8.707865168539326,1.1235955056179776,155.0,59.83216783216783,40.20781567653038,
051203,130,24.879032258064516,66.92307692307692,6.923076923076923,5.384615384615385,10.76923076923077,0.0,127.0,50.42424242424242,11.963924167126818,
051204,493,23.935817805383024,81.54158215010142,0.8113590263691683,4.8681541582150105,6.288032454361055,0.8113590263691683,104.0,61.44897959183673,83.06655433866891,
051301,73,26.054794520547944,50.68493150684932,4.109589041095891,2.73972602739726,35.61643835616438,0.0,55.0,55.2093023255814,17.50599520383693,
051302,129,24.595238095238095,50.3875968992248,16.27906976744186,3.10077519379845,20.155038759689923,4.651162790697675,88.0,61.76,20.938159389709462,
051401,176,22.63372093023256,5.113636363636363,0.0,90.9090909090909,0.0,0.0,69.0,51.22950819672131,42.40963855421687,
051402,52,24.22,9.615384615384615,1.9230769230769231,80.76923076923077,0.0,0.0,32.0,61.206896551724135,30.58823529411765,
051501,3441,24.06207306207306,89.85759953501889,0.9009009009009009,1.7146178436501016,1.3949433304272014,0.11624527753560011,623.0,55.53297682709447,76.62673139446845,
051601,58,20.678571428571427,6.896551724137931,0.0,87.93103448275862,3.4482758620689653,0.0,22.0,50.714285714285715,34.441805225653205,
060101,8449,26.34730026875153,70.13847792638182,1.432122144632501,1.7280151497218605,9.705290566930998,2.2132796780684103,1989.0,59.84527518172378,41.13937918441874,
060201,1154,23.16812609457093,87.52166377816292,0.08665511265164645,0.43327556325823224,1.2998266897746966,0.0,157.0,53.87096774193548,61.77399496814946,
060202,1392,26.036082474226806,84.77011494252874,1.1494252873563218,0.5747126436781609,4.382183908045977,0.28735632183908044,351.0,56.11014492753623,40.34197942327199,
060301,2794,26.564766839378237,64.38797423049391,2.326413743736578,4.294917680744453,14.85325697924123,0.7158196134574087,878.0,55.33413751507841,30.28890454767196,
060302,282,24.280442804428045,60.638297872340424,2.127659574468085,2.127659574468085,14.184397163120567,1.0638297872340425,102.0,55.25773195876289,18.352206169465052,
060303,640,27.08730158730159,41.25,1.71875,7.5,27.8125,1.40625,425.0,50.98963730569948,16.053377480121405,
060401,798,24.11689961880559,83.0827067669173,0.6265664160401002,0.6265664160401002,2.130325814536341,0.6265664160401002,138.0,58.54615384615385,53.98822813070834,
060402,423,22.13012048192771,91.725768321513,0.4728132387706856,0.0,0.2364066193853428,0.0,43.0,49.325581395348834,77.04918032786885,
060501,2527,22.33013589128697,86.22872971903443,0.43529877324891175,0.1187178472497032,1.3058963197467353,0.7518796992481203,210.0,58.0,105.89615723085949,
060502,1141,21.330666666666666,78.965819456617,0.175284837861525,0.175284837861525,0.5258545135845749,0.0876424189307625,113.0,59.85454545454545,100.49321824907521,
060601,556,22.63985374771481,73.92086330935251,1.2589928057553956,0.0,6.294964028776978,1.079136690647482,152.0,58.11724137931034,25.28307034696012,
070101,64414,27.671695206303863,15.920452075635732,5.739435526438352,5.610581550594591,51.72943769987891,6.439593877107461,15933.0,55.286232840549104,44.59490800837703,
070102,1638,26.07362355953905,29.426129426129425,6.837606837606837,4.151404151404152,46.7032967032967,1.7704517704517704,680.0,48.98724082934609,29.44295651861305,
070103,475,25.99147121535181,20.210526315789473,9.052631578947368,3.3684210526315788,39.78947368421053,9.263157894736842,165.0,58.01273885350319,31.011294639942548,
070104,3136,27.30234091658424,23.022959183673468,4.6875,7.940051020408164,52.67857142857143,1.753826530612245,831.0,51.98209718670077,35.12387437838807,
070105,2304,25.40907069808804,36.63194444444444,3.4288194444444446,11.197916666666666,40.71180555555556,0.78125,584.0,54.13392857142857,46.40296463385161,
070201,2919,26.93006744763933,29.73621103117506,5.584104145255225,6.029462144570058,44.638574854402194,2.672147995889003,1202.0,51.05946935041171,30.278198452378483,
070202,404,25.907928388746804,31.93069306930693,5.198019801980198,2.9702970297029703,38.366336633663366,2.9702970297029703,147.0,56.69064748201439,32.36660791539817,
070301,787,24.765706806282722,16.89961880559085,29.86022871664549,3.684879288437103,35.57814485387548,2.2871664548919948,502.0,46.45374449339207,15.029983575875635,
070302,151,26.346938775510203,13.907284768211921,5.298013245033113,4.635761589403973,54.3046357615894,1.9867549668874172,98.0,46.287234042553195,13.330979076542773,
070303,53,24.50980392156863,18.867924528301888,15.09433962264151,7.547169811320755,41.509433962264154,0.0,67.0,42.75806451612903,8.633327903567356,
070401,524,24.89738430583501,33.778625954198475,3.435114503816794,11.83206106870229,40.267175572519086,3.053435114503817,133.0,55.24409448818898,40.686388694774436,
070402,974,25.559574468085106,30.28747433264887,3.182751540041068,12.012320328542094,41.27310061601643,0.6160164271047228,297.0,50.892857142857146,48.47459314189021,
070403,1968,25.627882599580712,38.21138211382114,6.097560975609756,10.213414634146341,34.298780487804876,1.3211382113821137,726.0,42.89705882352941,38.9255904110131,
070404,393,25.06958762886598,36.1323155216285,3.5623409669211195,10.178117048346056,29.262086513994912,1.5267175572519085,101.0,51.95789473684211,42.75922097704276,
070501,245,28.285714285714285,22.857142857142858,4.489795918367347,5.3061224489795915,39.59183673469388,2.4489795918367347,161.0,52.92,8.471060092663025,
070502,469,25.06013363028953,19.616204690831555,6.609808102345416,5.330490405117271,45.62899786780384,1.0660980810234542,240.0,44.30541871921182,12.385781439814082,
070503,306,26.56711409395973,20.915032679738562,15.686274509803921,3.5947712418300655,33.00653594771242,2.287581699346405,183.0,56.06896551724138,19.563966498305735,
070601,892,26.31168831168831,15.358744394618833,1.7937219730941705,2.57847533632287,66.92825112107623,5.044843049327354,170.0,59.2360248447205,49.874196253844005,
070602,552,24.62639405204461,36.95652173913044,5.072463768115942,7.246376811594203,38.94927536231884,2.717391304347826,228.0,51.371428571428574,28.724566789821512,
070603,210,27.020100502512562,16.19047619047619,4.761904761904762,3.8095238095238093,57.142857142857146,5.238095238095238,95.0,52.21176470588235,34.602076124567475,
070701,73,24.246575342465754,17.80821917808219,2.73972602739726,13.698630136986301,41.0958904109589,5.47945205479452,44.0,55.55,13.604174431606411,
070702,163,25.89873417721519,27.607361963190183,4.9079754601226995,7.975460122699387,38.65030674846626,2.4539877300613497,268.0,45.22707423580786,5.064313676753868,
070703,368,26.24788732394366,27.717391304347824,8.152173913043478,6.25,44.56521739130435,2.4456521739130435,235.0,49.822429906542055,13.921464780207309,
070704,68,27.825396825396826,8.823529411764707,4.411764705882353,10.294117647058824,47.05882352941177,2.9411764705882355,51.0,59.88,13.460015835312747,
070705,86,25.785714285714285,33.72093023255814,8.13953488372093,11.627906976744185,26.74418604651163,0.0,195.0,43.80555555555556,7.0072516907031694,
070706,836,28.111386138613863,16.267942583732058,3.708133971291866,27.870813397129186,36.004784688995215,2.15311004784689,341.0,56.829652996845425,24.70595188840948,
070707,78,28.714285714285715,35.8974358974359,2.5641025641025643,3.8461538461538463,44.87179487179487,0.0,58.0,55.472727272727276,15.333202280322391,
070801,573,25.65209471766849,22.338568935427574,4.363001745200698,3.3158813263525304,55.49738219895288,0.8726003490401396,244.0,60.97008547008547,33.298465829846585,
070802,62,28.0,16.129032258064516,4.838709677419355,0.0,72.58064516129032,3.225806451612903,24.0,63.5,29.039812646370024,
070803,92,25.97826086956522,16.304347826086957,3.260869565217391,6.521739130434782,64.1304347826087,1.0869565217391304,17.0,70.05882352941177,33.249006143838095,
070804,38,27.763157894736842,28.94736842105263,0.0,0.0,47.36842105263158,7.894736842105263,18.0,62.888888888888886,15.899581589958158,
070805,34,26.24137931034483,32.35294117647059,5.882352941176471,2.9411764705882355,52.94117647058823,2.9411764705882355,22.0,61.85,16.377649325626205,
070901,428,26.081145584725537,21.02803738317757,2.336448598130841,4.906542056074766,48.83177570093458,4.4392523364485985,136.0,60.732283464566926,40.870893812070285,
070902,310,26.322475570032573,24.838709677419356,8.387096774193548,3.870967741935484,54.193548387096776,1.935483870967742,113.0,53.923809523809524,33.70297890845836,
070903,273,25.230483271375466,34.065934065934066,6.95970695970696,3.663003663003663,38.827838827838825,1.8315018315018314,117.0,54.5,26.82519406504864,
070904,77,26.25,11.688311688311689,3.896103896103896,5.194805194805195,66.23376623376623,2.5974025974025974,26.0,60.869565217391305,25.709515859766277,
071001,4875,26.856197994452742,29.98974358974359,3.241025641025641,4.861538461538461,51.17948717948718,3.5487179487179485,1343.0,52.949486977111285,44.51323070180244,
071002,350,24.42485549132948,45.714285714285715,4.0,2.5714285714285716,36.857142857142854,2.0,175.0,50.60248447204969,24.63227531846013,
071003,662,26.03265940902022,32.17522658610272,4.229607250755287,4.229607250755287,50.151057401812686,1.2084592145015105,321.0,43.28719723183391,28.47189368199217,
071004,459,25.21218961625282,37.03703703703704,2.396514161220044,7.8431372549019605,45.53376906318083,1.0893246187363834,133.0,39.97560975609756,30.363167295098233,
071005,482,25.153684210526315,33.40248962655602,5.809128630705394,13.900414937759336,34.024896265560166,0.8298755186721992,129.0,46.88333333333333,25.23163900957965,
071101,243,26.13304721030043,33.333333333333336,4.526748971193416,5.349794238683128,44.03292181069959,2.880658436213992,202.0,45.51412429378531,12.925531914893616,
071102,158,25.80263157894737,31.645569620253166,5.69620253164557,5.69620253164557,39.87341772151899,2.5316455696202533,214.0,47.74129353233831,11.600587371512482,
071103,1298,24.15243415802075,58.32049306625578,7.550077041602465,3.4668721109399074,18.7211093990755,1.078582434514638,570.0,46.27715355805243,27.37472583094314,
071104,61,25.4,49.18032786885246,3.278688524590164,3.278688524590164,32.78688524590164,0.0,74.0,43.18840579710145,9.412127758062027,
071105,119,25.451327433628318,34.45378151260504,20.168067226890756,2.5210084033613445,36.97478991596638,0.8403361344537815,70.0,48.58064516129032,15.88785046728972,
071106,386,26.768817204301076,43.005181347150256,6.217616580310881,2.849740932642487,27.72020725388601,2.0725388601036268,180.0,47.76875,16.89647625300941,
071201,387,23.695538057742784,1.8087855297157622,75.71059431524547,2.5839793281653747,8.785529715762275,0.25839793281653745,131.0,52.96,26.74498963372495,
071301,531,25.491329479768787,26.930320150659135,9.792843691148775,4.519774011299435,47.080979284369114,2.824858757062147,168.0,53.96835443037975,33.35636660594258,
071302,222,25.400921658986174,22.07207207207207,1.8018018018018018,2.7027027027027026,59.009009009009006,2.2522522522522523,77.0,56.338235294117645,30.040595399188092,
071401,313,27.594059405940595,10.223642172523961,15.015974440894569,6.389776357827476,53.35463258785943,2.236421725239617,188.0,53.463276836158194,15.784961420142215,
071402,339,26.850152905198776,11.2094395280236,29.20353982300885,4.71976401179941,34.80825958702065,1.4749262536873156,153.0,46.669064748201436,20.349360705924724,
071403,51,23.163265306122447,23.529411764705884,27.45098039215686,5.882352941176471,29.41176470588235,1.9607843137254901,53.0,50.13953488372093,8.04162724692526,
071501,405,24.577319587628867,43.45679012345679,6.91358024691358,3.7037037037037037,31.85185185185185,3.2098765432098766,279.0,46.296747967479675,14.961211673439232,
071502,61,25.262295081967213,42.622950819672134,13.114754098360656,4.918032786885246,22.950819672131146,3.278688524590164,81.0,46.205882352941174,8.682038144036436,
071503,369,25.747222222222224,43.90243902439025,9.48509485094851,5.420054200542006,23.577235772357724,1.6260162601626016,168.0,44.723684210526315,25.97676874340021,
080101,3685,26.60261141072949,12.944369063772049,4.721845318860244,17.557666214382632,42.713704206241516,3.4735413839891454,1512.0,52.914572864321606,34.569777477578896,
080102,75,25.405797101449274,16.0,4.0,9.333333333333334,53.333333333333336,0.0,48.0,37.608695652173914,14.212620807276862,
080201,1781,26.36845203060624,9.82594048287479,8.983717012914093,10.668163952835485,29.253228523301516,2.6389668725435147,1358.0,45.3497975708502,20.006290579856664,
080202,1269,26.34555827220864,7.64381402679275,24.50748620961387,6.619385342789598,41.371158392434985,2.206461780929866,581.0,50.285198555956676,30.348687042617303,
080301,495,25.399568034557234,10.1010101010101,4.040404040404041,4.242424242424242,37.37373737373738,5.05050505050505,149.0,48.143884892086334,37.369772006643515,
080302,788,26.062169312169313,27.03045685279188,7.99492385786802,14.593908629441625,27.538071065989847,3.6802030456852792,529.0,37.28865979381443,19.283476898981988,
080303,224,25.315068493150687,9.821428571428571,2.6785714285714284,3.125,36.607142857142854,5.803571428571429,88.0,47.74074074074074,23.633677991137372,
080304,612,26.116438356164384,18.954248366013072,12.418300653594772,6.5359477124183005,27.941176470588236,5.882352941176471,269.0,47.94331983805668,31.883302943474863,
080401,392,26.711640211640212,8.928571428571429,2.5510204081632653,16.836734693877553,55.357142857142854,4.591836734693878,263.0,48.020161290322584,22.965610170484503,
080402,59,25.833333333333332,5.084745762711864,5.084745762711864,18.64406779661017,50.847457627118644,6.779661016949152,39.0,43.91891891891892,9.27381326626847,
080501,300,26.01027397260274,12.333333333333334,6.333333333333333,18.333333333333332,43.0,2.0,292.0,50.76923076923077,15.582796592561811,
080601,83,25.3125,16.867469879518072,8.433734939759036,14.457831325301205,37.34939759036145,2.4096385542168677,39.0,52.18421052631579,21.682340647857888,
080602,199,23.670157068062828,33.165829145728644,7.5376884422110555,11.557788944723619,34.17085427135678,1.0050251256281406,123.0,46.8421052631579,15.916180116771974,
080701,109,27.066666666666666,5.504587155963303,13.761467889908257,5.504587155963303,55.96330275229358,1.834862385321101,59.0,54.375,15.758276709556165,
080702,118,27.06779661016949,3.389830508474576,5.932203389830509,21.1864406779661,55.932203389830505,2.542372881355932,48.0,60.22222222222222,23.814328960645813,
080703,15,28.071428571428573,13.333333333333334,33.333333333333336,20.0,26.666666666666668,0.0,4.0,21.25,15.873015873015873,
080801,240,25.175213675213676,12.5,18.333333333333332,7.916666666666667,40.0,2.0833333333333335,114.0,58.05555555555556,21.095192054144327,
080802,206,24.673170731707316,18.932038834951456,16.990291262135923,12.62135922330097,30.58252427184466,1.941747572815534,55.0,54.81818181818182,34.53478625314334,
080803,172,25.548192771084338,2.3255813953488373,1.1627906976744187,30.232558139534884,52.325581395348834,4.069767441860465,49.0,61.041666666666664,41.838968620773535,
080901,10,24.9,60.0,0.0,0.0,30.0,0.0,31.0,50.53333333333333,3.094059405940594,
090101,804,25.347490347490346,8.457711442786069,30.09950248756219,6.218905472636816,22.139303482587064,2.487562189054726,416.0,48.971354166666664,17.37739641645233,
090102,86,22.074074074074073,17.441860465116278,40.69767441860465,0.0,18.6046511627907,1.1627906976744187,45.0,43.83783783783784,10.82033215903372,
090103,38,25.894736842105264,2.6315789473684212,44.73684210526316,0.0,18.42105263157895,0.0,14.0,59.25,17.487344684767603,
090104,71,26.887323943661972,1.408450704225352,63.38028169014085,0.0,14.084507042253522,1.408450704225352,37.0,42.41935483870968,18.16321309797902,
090201,41,25.1,14.634146341463415,12.195121951219512,17.073170731707318,21.951219512195124,0.0,55.0,45.76086956521739,6.571565956082706,
090202,14,28.928571428571427,0.0,35.714285714285715,21.428571428571427,35.714285714285715,0.0,23.0,26.27777777777778,4.680708793045804,
090203,77,20.74025974025974,5.194805194805195,24.675324675324674,2.5974025974025974,2.5974025974025974,0.0,52.0,47.31111111111111,13.377345378735233,
090301,15,22.733333333333334,6.666666666666667,13.333333333333334,0.0,20.0,0.0,41.0,53.088235294117645,1.838235294117647,
090302,22,25.318181818181817,9.090909090909092,0.0,4.545454545454546,36.36363636363637,0.0,42.0,45.45161290322581,2.8750653423941452,
090303,14,24.928571428571427,7.142857142857143,14.285714285714286,7.142857142857143,28.571428571428573,0.0,61.0,42.490196078431374,1.6953257447323806,
090401,36,27.02777777777778,5.555555555555555,63.888888888888886,0.0,19.444444444444443,0.0,23.0,35.36842105263158,15.031315240083508,
090402,7,33.857142857142854,0.0,0.0,14.285714285714286,57.142857142857146,0.0,8.0,9.4,4.2321644498186215,
090501,38,20.783783783783782,0.0,60.526315789473685,18.42105263157895,5.2631578947368425,0.0,17.0,47.411764705882355,18.3752417794971,
090502,18,26.11111111111111,38.888888888888886,11.11111111111111,22.22222222222222,22.22222222222222,0.0,27.0,46.69565217391305,6.426276329882185,
090503,1,1.0,0.0,100.0,0.0,0.0,0.0,18.0,23.5,0.4618937644341801,
